{
    "wall": {
        "diffuse": [
            0.6568627450980392,
            0.6297953311226451,
            0.602727917147251
        ],
        "ambient": [
            0.5,
            0.45978860294117646,
            0.4195772058823529
        ],
        "specular": [
            0.8333333333333334,
            0.8136744281045752,
            0.8136744281045752
        ],
        "shininess": 19.900000000000002,
        "isLight": false,
        "growth": true
    },
    "metall": {
        "diffuse": [
            0.5392156862745099,
            0.5392156862745099,
            0.5392156862745099
        ],
        "ambient": [
            0.6274509803921569,
            0.6274509803921569,
            0.6274509803921569
        ],
        "specular": [
            1,
            1,
            1
        ],
        "shininess": 1,
        "isLight": false,
        "growth": false
    },
    "gold_light": {
        "diffuse": [
            0.5686274509803921,
            0.5686274509803921,
            0.16166858900422912
        ],
        "ambient": [
            0.6274509803921569,
            0.6274509803921569,
            0
        ],
        "specular": [
            0.6176470588235294,
            0.6176470588235294,
            0.15138408304498271
        ],
        "shininess": 1,
        "isLight": true,
        "growth": false
    },
    "gold": {
        "diffuse": [
            1,
            1,
            0
        ],
        "ambient": [
            1,
            1,
            0
        ],
        "specular": [
            1,
            1,
            0
        ],
        "shininess": 3.2,
        "isLight": false,
        "growth": false
    },
    "blue": {
        "diffuse": [
            0.4509803921568627,
            0.41399200251034657,
            0.7413795174932718
        ],
        "ambient": [
            0.2,
            0.27647058823529413,
            0.6
        ],
        "specular": [
            0.896078431372549,
            0.8263802666395277,
            0.9998612312572087
        ],
        "shininess": 33,
        "isLight": false,
        "growth": false
    },
    "black": {
        "diffuse": [
            0,
            0,
            0
        ],
        "ambient": [
            0,
            0,
            0
        ],
        "specular": [
            0,
            0,
            0
        ],
        "shininess": 33,
        "isLight": true,
        "growth": false
    },
    "water": {
        "diffuse": [
            0.03277585544021529,
            0.06810163511771485,
            0.10784313725490191
        ],
        "ambient": [
            0.07295271049596308,
            0.12085707985616408,
            0.32352941176470584
        ],
        "specular": [
            0.5817670188513543,
            0.5049980776624375,
            0.696078431372549
        ],
        "shininess": 40,
        "isLight": true,
        "growth": false
    },
    "dirt": {
        "diffuse": [
            0.4509803921568627,
            0.41399200251034657,
            0.24137951749327177
        ],
        "ambient": [
            0.4,
            0.27647058823529413,
            0.1
        ],
        "specular": [
            0.696078431372549,
            0.6263802666395277,
            0.39986123125720874
        ],
        "shininess": 33,
        "isLight": false,
        "growth": true
    },
    "player": {
        "diffuse": [
            0.16666666666666663,
            0.14715494040753552,
            0.11928104575163397
        ],
        "ambient": [
            0.2647058823529411,
            0.22806838998575205,
            0.20242214532871966
        ],
        "specular": [
            0.8823529411764706,
            0.8548748219010787,
            0.8044982698961938
        ],
        "shininess": 26.3,
        "isLight": false,
        "growth": false
    },
    "rubber": {
        "diffuse": [
            0.05882352941176472,
            0.03979238754325261,
            0.03979238754325261
        ],
        "ambient": [
            0.019607843137254943,
            0.019607843137254943,
            0.019607843137254943
        ],
        "specular": [
            0.1470588235294118,
            0.1470588235294118,
            0.1470588235294118
        ],
        "shininess": 8.700000000000001,
        "isLight": false,
        "growth": false
    },
    "light": {
        "diffuse": [
            0.7941176470588236,
            0.7730510889476898,
            0.43598615916955025
        ],
        "ambient": [
            0.6,
            0.5,
            0.4
        ],
        "specular": [
            0.8,
            0.8,
            0.8
        ],
        "shininess": 13.600000000000001,
        "isLight": true,
        "growth": false
    },
    "light_inactive": {
        "diffuse": [
            0.7941176470588236,
            0.7730510889476898,
            0.43598615916955025
        ],
        "ambient": [
            0.6,
            0.5,
            0.4
        ],
        "specular": [
            0.8,
            0.8,
            0.8
        ],
        "shininess": 24,
        "isLight": false,
        "growth": false
    },
    "red_led": {
        "diffuse": [
            1,
            0,
            0
        ],
        "ambient": [
            0.6,
            0.5,
            0.4
        ],
        "specular": [
            0.1,
            0.1,
            0.1
        ],
        "shininess": 4,
        "isLight": true,
        "growth": false
    },
    "green_led": {
        "diffuse": [
            0,
            0.5098039215686274,
            0
        ],
        "ambient": [
            0.4,
            0.6,
            0.4
        ],
        "specular": [
            0.1,
            0.1,
            0.1
        ],
        "shininess": 4,
        "isLight": true,
        "growth": false
    },
    "yellow_led": {
        "diffuse": [
            1,
            0.7058823529411765,
            0
        ],
        "ambient": [
            0.6,
            0.6,
            0.4
        ],
        "specular": [
            0.1,
            0.1,
            0.1
        ],
        "shininess": 4,
        "isLight": true,
        "growth": false
    }
}