{
  "alias" : "Cleaner_Cylinder.002_None",
  "vertices" : [0.1,-0.465,0.0,0.1,0.465,-0.0,0.092388,-0.465,0.038268,0.092388,0.465,0.038268,0.070711,-0.465,0.070711,0.070711,0.465,0.070711,0.038268,-0.465,0.092388,0.038268,0.465,0.092388,0.0,-0.465,0.1,-0.0,0.465,0.1,-0.038268,-0.465,0.092388,-0.038268,0.465,0.092388,-0.070711,-0.465,0.070711,-0.070711,0.465,0.070711,-0.092388,-0.465,0.038268,-0.092388,0.465,0.038268,-0.1,-0.465,0.0,-0.1,0.465,-0.0,-0.092388,-0.465,-0.038268,-0.092388,0.465,-0.038268,-0.070711,-0.465,-0.070711,-0.070711,0.465,-0.070711,-0.038268,-0.465,-0.092388,-0.038268,0.465,-0.092388,0.0,-0.465,-0.1,-0.0,0.465,-0.1,0.038268,-0.465,-0.092388,0.038268,0.465,-0.092388,0.070711,-0.465,-0.070711,0.070711,0.465,-0.070711,0.092388,-0.465,-0.038268,0.092388,0.465,-0.038268],
  "indices" : [1,2,0,3,4,2,5,6,4,7,8,6,9,10,8,10,13,12,13,14,12,15,16,14,17,18,16,19,20,18,20,23,22,23,24,22,25,26,24,27,28,26,13,9,5,29,30,28,31,0,30,26,30,14,1,3,2,3,5,4,5,7,6,7,9,8,9,11,10,10,11,13,13,15,14,15,17,16,17,19,18,19,21,20,20,21,23,23,25,24,25,27,26,27,29,28,5,3,29,3,1,29,1,31,29,29,27,25,25,23,21,21,19,17,17,15,13,13,11,9,9,7,5,29,25,5,25,21,5,21,17,5,17,13,5,29,31,30,31,1,0,30,0,2,2,4,6,6,8,14,8,10,14,10,12,14,14,16,18,18,20,14,20,22,14,22,24,26,26,28,30,30,2,14,2,6,14,22,26,14],
  "normals" : [0.9808,0.0,0.1951,0.9808,0.0,0.1951,0.9808,0.0,0.1951,0.8315,0.0,0.5556,0.8315,0.0,0.5556,0.8315,0.0,0.5556,0.5556,0.0,0.8315,0.5556,0.0,0.8315,0.5556,0.0,0.8315,0.1951,0.0,0.9808,0.1951,0.0,0.9808,0.1951,0.0,0.9808,-0.1951,0.0,0.9808,-0.1951,0.0,0.9808,-0.1951,0.0,0.9808,-0.5556,0.0,0.8315,-0.5556,0.0,0.8315,-0.5556,0.0,0.8315,-0.8315,0.0,0.5556,-0.8315,0.0,0.5556,-0.8315,0.0,0.5556,-0.9808,0.0,0.1951,-0.9808,0.0,0.1951,-0.9808,0.0,0.1951,-0.9808,0.0,-0.1951,-0.9808,0.0,-0.1951,-0.9808,0.0,-0.1951,-0.8315,-0.0,-0.5556,-0.8315,-0.0,-0.5556,-0.8315,-0.0,-0.5556,-0.5556,-0.0,-0.8315,-0.5556,-0.0,-0.8315,-0.5556,-0.0,-0.8315,-0.1951,-0.0,-0.9808,-0.1951,-0.0,-0.9808,-0.1951,-0.0,-0.9808,0.1951,-0.0,-0.9808,0.1951,-0.0,-0.9808,0.1951,-0.0,-0.9808,0.5556,-0.0,-0.8315,0.5556,-0.0,-0.8315,0.5556,-0.0,-0.8315,-0.0,1.0,0.0,-0.0,1.0,0.0,-0.0,1.0,0.0,0.8315,-0.0,-0.5556,0.8315,-0.0,-0.5556,0.8315,-0.0,-0.5556,0.9808,0.0,-0.1951,0.9808,0.0,-0.1951,0.9808,0.0,-0.1951,0.0,-1.0,0.0,0.0,-1.0,0.0,0.0,-1.0,0.0,0.9808,0.0,0.1951,0.9808,0.0,0.1951,0.9808,0.0,0.1951,0.8315,0.0,0.5556,0.8315,0.0,0.5556,0.8315,0.0,0.5556,0.5556,0.0,0.8315,0.5556,0.0,0.8315,0.5556,0.0,0.8315,0.1951,0.0,0.9808,0.1951,0.0,0.9808,0.1951,0.0,0.9808,-0.1951,0.0,0.9808,-0.1951,0.0,0.9808,-0.1951,0.0,0.9808,-0.5556,0.0,0.8315,-0.5556,0.0,0.8315,-0.5556,0.0,0.8315,-0.8315,0.0,0.5556,-0.8315,0.0,0.5556,-0.8315,0.0,0.5556,-0.9808,0.0,0.1951,-0.9808,0.0,0.1951,-0.9808,0.0,0.1951,-0.9808,0.0,-0.1951,-0.9808,0.0,-0.1951,-0.9808,0.0,-0.1951,-0.8315,-0.0,-0.5556,-0.8315,-0.0,-0.5556,-0.8315,-0.0,-0.5556,-0.5556,-0.0,-0.8315,-0.5556,-0.0,-0.8315,-0.5556,-0.0,-0.8315,-0.1951,-0.0,-0.9808,-0.1951,-0.0,-0.9808,-0.1951,-0.0,-0.9808,0.1951,-0.0,-0.9808,0.1951,-0.0,-0.9808,0.1951,-0.0,-0.9808,0.5556,-0.0,-0.8315,0.5556,-0.0,-0.8315,0.5556,-0.0,-0.8315,-0.0,1.0,0.0,-0.0,1.0,0.0,-0.0,1.0,0.0,-0.0,1.0,0.0,-0.0,1.0,0.0,-0.0,1.0,0.0,-0.0,1.0,0.0,-0.0,1.0,0.0,-0.0,1.0,0.0,-0.0,1.0,0.0,-0.0,1.0,0.0,-0.0,1.0,0.0,-0.0,1.0,0.0,-0.0,1.0,0.0,-0.0,1.0,0.0,-0.0,1.0,0.0,-0.0,1.0,0.0,-0.0,1.0,0.0,-0.0,1.0,0.0,-0.0,1.0,0.0,-0.0,1.0,0.0,-0.0,1.0,0.0,-0.0,1.0,0.0,-0.0,1.0,0.0,-0.0,1.0,0.0,-0.0,1.0,0.0,-0.0,1.0,0.0,-0.0,1.0,0.0,-0.0,1.0,0.0,-0.0,1.0,0.0,-0.0,1.0,0.0,-0.0,1.0,0.0,-0.0,1.0,0.0,-0.0,1.0,0.0,-0.0,1.0,0.0,-0.0,1.0,0.0,-0.0,1.0,0.0,-0.0,1.0,0.0,-0.0,1.0,0.0,0.8315,-0.0,-0.5556,0.8315,-0.0,-0.5556,0.8315,-0.0,-0.5556,0.9808,0.0,-0.1951,0.9808,0.0,-0.1951,0.9808,0.0,-0.1951,0.0,-1.0,0.0,0.0,-1.0,0.0,0.0,-1.0,0.0,0.0,-1.0,0.0,0.0,-1.0,0.0,0.0,-1.0,0.0,0.0,-1.0,0.0,0.0,-1.0,0.0,0.0,-1.0,0.0,0.0,-1.0,0.0,0.0,-1.0,0.0,0.0,-1.0,0.0,0.0,-1.0,0.0,0.0,-1.0,0.0,0.0,-1.0,0.0,0.0,-1.0,0.0,0.0,-1.0,0.0,0.0,-1.0,0.0,0.0,-1.0,0.0,0.0,-1.0,0.0,0.0,-1.0,0.0,0.0,-1.0,0.0,0.0,-1.0,0.0,0.0,-1.0,0.0,0.0,-1.0,0.0,0.0,-1.0,0.0,0.0,-1.0,0.0,0.0,-1.0,0.0,0.0,-1.0,0.0,0.0,-1.0,0.0,0.0,-1.0,0.0,0.0,-1.0,0.0,0.0,-1.0,0.0,0.0,-1.0,0.0,0.0,-1.0,0.0,0.0,-1.0,0.0,0.0,-1.0,0.0,0.0,-1.0,0.0,0.0,-1.0,0.0],
  "Ns" : 500.00000,
  "Ka" : [0.80000,0.80000,0.80000],
  "Kd" : [0.80000,0.80000,0.80000],
  "Ks" : [0.80000,0.80000,0.80000],
  "d" : 1.00000,
  "illum" : 2
}