{
  "alias" : "Cube_Cube_Material",
  "vertices" : [0.157335,0.166908,0.157335,0.157335,-0.157335,-0.166908,-0.166908,-0.157335,0.157335,0.157335,-0.053231,-0.166908,0.157335,0.166908,0.053231,0.157335,0.056839,-0.137415,0.157335,0.137415,-0.056839,0.053231,0.166908,0.053231,0.053231,-0.053231,-0.166908,-0.166908,-0.053231,0.053231,0.053231,0.137498,-0.056694,-0.056694,0.137498,0.053231,-0.052042,0.108931,-0.052042,-0.056694,-0.053231,-0.137498,0.053231,0.056694,-0.137498,-0.052042,0.052042,-0.108931,-0.137498,0.056694,0.053231,-0.137498,-0.053231,-0.056694,-0.108931,0.052042,-0.052042,0.053231,0.166908,0.157335,-0.166908,-0.053231,0.157335,-0.056838,0.137415,0.157335,-0.137415,0.056839,0.157335,-0.166908,-0.157335,0.053231,0.053231,-0.157335,-0.166908,-0.137415,-0.157335,-0.056839,-0.056838,-0.157335,-0.137415,0.157335,0.126378,0.157335,0.157335,-0.157335,-0.126378,-0.126378,-0.157335,0.157335,0.157331,-0.058516,-0.126724,0.157331,0.126724,0.058516,0.157339,0.036568,-0.102318,0.157339,0.102318,-0.036568,0.058483,0.127064,0.058483,0.058483,-0.058483,-0.127064,-0.127064,-0.058483,0.058483,0.05816,0.102548,-0.036776,-0.036776,0.102548,0.05816,-0.033911,0.077542,-0.033911,-0.036776,-0.05816,-0.102548,0.05816,0.036776,-0.102548,-0.033911,0.033911,-0.077542,-0.102548,0.036776,0.05816,-0.102548,-0.05816,-0.036776,-0.077542,0.033911,-0.033911,0.058516,0.126724,0.157331,-0.126724,-0.058516,0.157331,-0.036568,0.102318,0.157338,-0.102318,0.036568,0.157338,-0.126724,-0.157331,0.058516,0.058516,-0.157331,-0.126724,-0.102318,-0.157338,-0.036568,-0.036568,-0.157338,-0.102318],
  "indices" : [9,2,20,1,8,3,10,11,7,14,12,10,13,14,8,17,15,13,16,17,9,11,18,16,12,15,18,20,16,9,16,21,11,11,19,7,24,13,8,26,17,13,17,23,9,3,14,5,14,6,5,10,4,6,4,19,0,47,50,36,30,51,28,38,37,34,39,41,37,41,40,35,40,45,44,44,43,36,43,39,38,39,45,42,36,49,47,38,49,43,34,48,38,35,53,51,40,52,53,36,52,44,32,35,30,33,41,32,33,34,37,46,31,27,20,49,22,22,48,21,19,48,46,24,53,26,26,52,25,23,52,50,3,32,30,5,33,32,4,33,6,0,46,27,0,31,4,1,30,28,1,51,24,2,47,20,2,50,29,9,23,2,1,24,8,10,12,11,14,15,12,13,15,14,17,18,15,16,18,17,11,12,18,20,22,16,16,22,21,11,21,19,24,26,13,26,25,17,17,25,23,3,8,14,14,10,6,10,7,4,4,7,19,47,29,50,30,35,51,38,39,37,39,42,41,41,42,40,40,42,45,44,45,43,43,45,39,36,43,49,38,48,49,34,46,48,35,40,53,40,44,52,36,50,52,32,41,35,33,37,41,33,31,34,46,34,31,20,47,49,22,49,48,19,21,48,24,51,53,26,53,52,23,25,52,3,5,32,5,6,33,4,31,33,0,19,46,0,27,31,1,3,30,1,28,51,2,29,47,2,23,50],
  "normals" : [-1.0,0.0,0.0,-1.0,0.0,0.0,-1.0,0.0,0.0,0.0,0.0,-1.0,0.0,0.0,-1.0,0.0,0.0,-1.0,-0.2502,0.9353,-0.2502,-0.2502,0.9353,-0.2502,-0.2502,0.9353,-0.2502,-0.2178,0.6901,-0.6901,-0.2178,0.6901,-0.6901,-0.2178,0.6901,-0.6901,-0.2502,0.2502,-0.9353,-0.2502,0.2502,-0.9353,-0.2502,0.2502,-0.9353,-0.6901,0.2178,-0.6901,-0.6901,0.2178,-0.6901,-0.6901,0.2178,-0.6901,-0.9353,0.2502,-0.2502,-0.9353,0.2502,-0.2502,-0.9353,0.2502,-0.2502,-0.6901,0.6901,-0.2178,-0.6901,0.6901,-0.2178,-0.6901,0.6901,-0.2178,-0.5774,0.5774,-0.5774,-0.5774,0.5774,-0.5774,-0.5774,0.5774,-0.5774,-0.966,0.2585,0.0,-0.966,0.2585,0.0,-0.966,0.2585,0.0,-0.7071,0.7071,-0.0004,-0.7071,0.7071,-0.0004,-0.7071,0.7071,-0.0004,-0.2585,0.966,0.0,-0.2585,0.966,0.0,-0.2585,0.966,0.0,-0.2585,0.0,-0.966,-0.2585,0.0,-0.966,-0.2585,0.0,-0.966,-0.7071,0.0004,-0.7071,-0.7071,0.0004,-0.7071,-0.7071,0.0004,-0.7071,-0.966,0.0,-0.2585,-0.966,0.0,-0.2585,-0.966,0.0,-0.2585,0.0004,0.2588,-0.9659,0.0004,0.2588,-0.9659,0.0004,0.2588,-0.9659,-0.0004,0.7071,-0.7071,-0.0004,0.7071,-0.7071,-0.0004,0.7071,-0.7071,0.0004,0.9659,-0.2588,0.0004,0.9659,-0.2588,0.0004,0.9659,-0.2588,0.0,1.0,0.0,0.0,1.0,0.0,0.0,1.0,0.0,1.0,0.0034,-0.0034,1.0,0.0034,-0.0034,1.0,0.0034,-0.0034,-0.0035,0.0035,1.0,-0.0035,0.0035,1.0,-0.0035,0.0035,1.0,0.2411,-0.9401,0.2411,0.2411,-0.9401,0.2411,0.2411,-0.9401,0.2411,0.2093,-0.6914,0.6914,0.2093,-0.6914,0.6914,0.2093,-0.6914,0.6914,0.2411,-0.2411,0.9401,0.2411,-0.2411,0.9401,0.2411,-0.2411,0.9401,0.6914,-0.2093,0.6914,0.6914,-0.2093,0.6914,0.6914,-0.2093,0.6914,0.9401,-0.2411,0.2411,0.9401,-0.2411,0.2411,0.9401,-0.2411,0.2411,0.6914,-0.6914,0.2093,0.6914,-0.6914,0.2093,0.6914,-0.6914,0.2093,0.5774,-0.5774,0.5774,0.5774,-0.5774,0.5774,0.5774,-0.5774,0.5774,0.9686,-0.2486,-0.0034,0.9686,-0.2486,-0.0034,0.9686,-0.2486,-0.0034,0.7071,-0.7071,-0.0031,0.7071,-0.7071,-0.0031,0.7071,-0.7071,-0.0031,0.2493,-0.9684,-0.0028,0.2493,-0.9684,-0.0028,0.2493,-0.9684,-0.0028,0.2486,0.0034,0.9686,0.2486,0.0034,0.9686,0.2486,0.0034,0.9686,0.7071,0.0031,0.7071,0.7071,0.0031,0.7071,0.7071,0.0031,0.7071,0.9684,0.0028,0.2493,0.9684,0.0028,0.2493,0.9684,0.0028,0.2493,-0.0034,-0.2486,0.9686,-0.0034,-0.2486,0.9686,-0.0034,-0.2486,0.9686,-0.0031,-0.7071,0.7071,-0.0031,-0.7071,0.7071,-0.0031,-0.7071,0.7071,-0.0028,-0.9684,0.2493,-0.0028,-0.9684,0.2493,-0.0028,-0.9684,0.2493,-0.0035,-1.0,-0.0035,-0.0035,-1.0,-0.0035,-0.0035,-1.0,-0.0035,-0.0001,0.0,1.0,-0.0001,0.0,1.0,-0.0001,0.0,1.0,-0.0001,0.0001,1.0,-0.0001,0.0001,1.0,-0.0001,0.0001,1.0,0.0001,-0.0001,1.0,0.0001,-0.0001,1.0,0.0001,-0.0001,1.0,-0.0,-1.0,-0.0001,-0.0,-1.0,-0.0001,-0.0,-1.0,-0.0001,-0.0001,-1.0,-0.0001,-0.0001,-1.0,-0.0001,-0.0001,-1.0,-0.0001,0.0001,-1.0,0.0001,0.0001,-1.0,0.0001,0.0001,-1.0,0.0001,1.0,-0.0001,0.0001,1.0,-0.0001,0.0001,1.0,-0.0001,0.0001,1.0,0.0001,-0.0001,1.0,0.0001,-0.0001,1.0,0.0001,-0.0001,1.0,0.0001,-0.0,1.0,0.0001,-0.0,1.0,0.0001,-0.0,-0.0,0.0,1.0,-0.0,0.0,1.0,-0.0,0.0,1.0,1.0,-0.0001,0.0,1.0,-0.0001,0.0,1.0,-0.0001,0.0,1.0,0.0,0.0,1.0,0.0,0.0,1.0,0.0,0.0,0.0,-1.0,0.0001,0.0,-1.0,0.0001,0.0,-1.0,0.0001,0.0001,0.0,1.0,0.0001,0.0,1.0,0.0001,0.0,1.0,0.0,-1.0,-0.0,0.0,-1.0,-0.0,0.0,-1.0,-0.0,-1.0,0.0,0.0,-1.0,0.0,0.0,-1.0,0.0,0.0,0.0,0.0,-1.0,0.0,0.0,-1.0,0.0,0.0,-1.0,-0.2635,0.928,-0.2635,-0.2635,0.928,-0.2635,-0.2635,0.928,-0.2635,-0.2178,0.6901,-0.6901,-0.2178,0.6901,-0.6901,-0.2178,0.6901,-0.6901,-0.2635,0.2635,-0.928,-0.2635,0.2635,-0.928,-0.2635,0.2635,-0.928,-0.6901,0.2178,-0.6901,-0.6901,0.2178,-0.6901,-0.6901,0.2178,-0.6901,-0.928,0.2635,-0.2635,-0.928,0.2635,-0.2635,-0.928,0.2635,-0.2635,-0.6901,0.6901,-0.2178,-0.6901,0.6901,-0.2178,-0.6901,0.6901,-0.2178,-0.9659,0.2588,0.0004,-0.9659,0.2588,0.0004,-0.9659,0.2588,0.0004,-0.7071,0.7071,-0.0004,-0.7071,0.7071,-0.0004,-0.7071,0.7071,-0.0004,-0.2588,0.9659,0.0004,-0.2588,0.9659,0.0004,-0.2588,0.9659,0.0004,-0.2588,-0.0004,-0.9659,-0.2588,-0.0004,-0.9659,-0.2588,-0.0004,-0.9659,-0.7071,0.0004,-0.7071,-0.7071,0.0004,-0.7071,-0.7071,0.0004,-0.7071,-0.9659,-0.0004,-0.2588,-0.9659,-0.0004,-0.2588,-0.9659,-0.0004,-0.2588,0.0,0.2585,-0.966,0.0,0.2585,-0.966,0.0,0.2585,-0.966,-0.0004,0.7071,-0.7071,-0.0004,0.7071,-0.7071,-0.0004,0.7071,-0.7071,0.0,0.966,-0.2585,0.0,0.966,-0.2585,0.0,0.966,-0.2585,0.0,1.0,0.0,0.0,1.0,0.0,0.0,1.0,0.0,1.0,0.0035,-0.0035,1.0,0.0035,-0.0035,1.0,0.0035,-0.0035,-0.0034,0.0034,1.0,-0.0034,0.0034,1.0,-0.0034,0.0034,1.0,0.2606,-0.9296,0.2606,0.2606,-0.9296,0.2606,0.2606,-0.9296,0.2606,0.2093,-0.6914,0.6914,0.2093,-0.6914,0.6914,0.2093,-0.6914,0.6914,0.2606,-0.2606,0.9296,0.2606,-0.2606,0.9296,0.2606,-0.2606,0.9296,0.6914,-0.2093,0.6914,0.6914,-0.2093,0.6914,0.6914,-0.2093,0.6914,0.9296,-0.2606,0.2606,0.9296,-0.2606,0.2606,0.9296,-0.2606,0.2606,0.6914,-0.6914,0.2093,0.6914,-0.6914,0.2093,0.6914,-0.6914,0.2093,0.9684,-0.2493,-0.0028,0.9684,-0.2493,-0.0028,0.9684,-0.2493,-0.0028,0.7071,-0.7071,-0.0031,0.7071,-0.7071,-0.0031,0.7071,-0.7071,-0.0031,0.2486,-0.9686,-0.0034,0.2486,-0.9686,-0.0034,0.2486,-0.9686,-0.0034,0.2493,0.0028,0.9684,0.2493,0.0028,0.9684,0.2493,0.0028,0.9684,0.7071,0.0031,0.7071,0.7071,0.0031,0.7071,0.7071,0.0031,0.7071,0.9686,0.0034,0.2486,0.9686,0.0034,0.2486,0.9686,0.0034,0.2486,-0.0028,-0.2493,0.9684,-0.0028,-0.2493,0.9684,-0.0028,-0.2493,0.9684,-0.0031,-0.7071,0.7071,-0.0031,-0.7071,0.7071,-0.0031,-0.7071,0.7071,-0.0034,-0.9686,0.2486,-0.0034,-0.9686,0.2486,-0.0034,-0.9686,0.2486,-0.0034,-1.0,-0.0034,-0.0034,-1.0,-0.0034,-0.0034,-1.0,-0.0034,0.0001,-0.0001,1.0,0.0001,-0.0001,1.0,0.0001,-0.0001,