{
  "alias" : "Lamp_Cube_Material",
  "vertices" : [0.267176,-0.339482,-0.160518,0.160518,-0.339482,-0.267176,0.160518,-0.232824,-0.160518,0.252927,-0.339482,-0.213777,0.252927,-0.286223,-0.160518,0.239085,-0.288477,-0.211523,0.160518,-0.286223,-0.252927,0.213777,-0.339482,-0.252927,0.211523,-0.288477,-0.239085,0.213777,-0.247073,-0.160518,0.160518,-0.247073,-0.213777,0.211523,-0.260915,-0.211523,0.160518,-0.339482,0.267176,0.267176,-0.339482,0.160518,0.160518,-0.232824,0.160518,0.213777,-0.339482,0.252927,0.160518,-0.286223,0.252927,0.211523,-0.288477,0.239085,0.252927,-0.286223,0.160518,0.252927,-0.339482,0.213777,0.239085,-0.288477,0.211523,0.160518,-0.247073,0.213777,0.213777,-0.247073,0.160518,0.211523,-0.260915,0.211523,-0.160518,-0.232824,-0.160518,-0.160518,-0.339482,-0.267176,-0.267176,-0.339482,-0.160518,-0.160518,-0.247073,-0.213777,-0.213777,-0.247073,-0.160518,-0.211523,-0.260915,-0.211523,-0.213777,-0.339482,-0.252927,-0.160518,-0.286223,-0.252927,-0.211523,-0.288477,-0.239085,-0.252927,-0.286223,-0.160518,-0.252927,-0.339482,-0.213777,-0.239085,-0.288477,-0.211523,-0.160518,-0.232824,0.160518,-0.267176,-0.339482,0.160518,-0.160518,-0.339482,0.267176,-0.213777,-0.247073,0.160518,-0.160518,-0.247073,0.213777,-0.211523,-0.260915,0.211523,-0.252927,-0.339482,0.213777,-0.252927,-0.286223,0.160518,-0.239085,-0.288477,0.211523,-0.160518,-0.286223,0.252927,-0.213777,-0.339482,0.252927,-0.211523,-0.288477,0.239085,0.160518,-0.767176,-0.267176,0.267176,-0.767176,-0.160518,0.213847,-0.767176,-0.252886,0.252886,-0.767176,-0.213847,0.267176,-0.767176,0.160518,0.160518,-0.767176,0.267176,0.252886,-0.767176,0.213847,0.213847,-0.767176,0.252886,-0.267176,-0.767176,-0.160518,-0.160518,-0.767176,-0.267176,-0.252886,-0.767176,-0.213847,-0.213847,-0.767176,-0.252886,-0.160518,-0.767176,0.267176,-0.267176,-0.767176,0.160518,-0.213847,-0.767176,0.252886,-0.252886,-0.767176,0.213847],
  "indices" : [12,60,53,57,49,53,26,61,37,48,25,1,2,36,14,3,4,0,7,5,3,6,7,1,6,11,8,9,10,2,9,5,11,5,8,11,15,16,12,15,20,17,18,19,13,22,20,18,21,22,14,16,23,21,17,20,23,27,28,24,31,29,27,30,31,25,30,35,32,33,34,26,28,35,33,29,32,35,39,40,36,39,44,41,42,43,37,46,44,42,45,46,38,45,41,47,41,44,47,53,15,12,15,54,19,19,52,13,14,9,2,22,4,9,18,0,4,37,33,26,43,28,33,39,24,28,57,30,25,30,58,34,34,56,26,25,6,1,31,10,6,27,2,10,60,46,62,46,63,62,42,61,63,48,7,50,7,51,50,3,49,51,12,45,38,16,40,45,21,36,40,49,13,52,12,38,60,53,60,61,60,62,61,62,63,61,61,56,57,56,58,57,58,59,57,57,48,49,48,50,49,50,51,49,49,52,53,52,54,53,54,55,53,53,61,57,26,56,61,48,57,25,2,24,36,3,5,4,7,8,5,6,8,7,6,10,11,9,11,10,9,4,5,15,17,16,15,19,20,18,20,19,22,23,20,21,23,22,16,17,23,27,29,28,31,32,29,30,32,31,30,34,35,33,35,34,28,29,35,39,41,40,39,43,44,42,44,43,46,47,44,45,47,46,45,40,41,53,55,15,15,55,54,19,54,52,14,22,9,22,18,4,18,13,0,37,43,33,43,39,28,39,36,24,57,59,30,30,59,58,34,58,56,25,31,6,31,27,10,27,24,2,60,38,46,46,42,63,42,37,61,48,1,7,7,3,51,3,0,49,12,16,45,16,21,40,21,14,36,49,0,13],
  "normals" : [0.0,0.0,1.0,0.0,0.0,1.0,0.0,0.0,1.0,0.0,-1.0,0.0,0.0,-1.0,0.0,0.0,-1.0,0.0,-1.0,0.0,0.0,-1.0,0.0,0.0,-1.0,0.0,0.0,0.0,0.0,-1.0,0.0,0.0,-1.0,0.0,0.0,-1.0,0.0,1.0,0.0,0.0,1.0,0.0,0.0,1.0,0.0,0.9353,0.2502,-0.2502,0.9353,0.2502,-0.2502,0.9353,0.2502,-0.2502,0.6901,0.2178,-0.6901,0.6901,0.2178,-0.6901,0.6901,0.2178,-0.6901,0.2502,0.2502,-0.9353,0.2502,0.2502,-0.9353,0.2502,0.2502,-0.9353,0.2178,0.6901,-0.6901,0.2178,0.6901,-0.6901,0.2178,0.6901,-0.6901,0.2502,0.9353,-0.2502,0.2502,0.9353,-0.2502,0.2502,0.9353,-0.2502,0.6901,0.6901,-0.2178,0.6901,0.6901,-0.2178,0.6901,0.6901,-0.2178,0.5774,0.5773,-0.5774,0.5774,0.5773,-0.5774,0.5774,0.5773,-0.5774,0.2502,0.2502,0.9353,0.2502,0.2502,0.9353,0.2502,0.2502,0.9353,0.6901,0.2178,0.6901,0.6901,0.2178,0.6901,0.6901,0.2178,0.6901,0.9353,0.2502,0.2502,0.9353,0.2502,0.2502,0.9353,0.2502,0.2502,0.6901,0.6901,0.2178,0.6901,0.6901,0.2178,0.6901,0.6901,0.2178,0.2502,0.9353,0.2502,0.2502,0.9353,0.2502,0.2502,0.9353,0.2502,0.2178,0.6901,0.6901,0.2178,0.6901,0.6901,0.2178,0.6901,0.6901,0.5774,0.5773,0.5774,0.5774,0.5773,0.5774,0.5774,0.5773,0.5774,-0.2502,0.9353,-0.2502,-0.2502,0.9353,-0.2502,-0.2502,0.9353,-0.2502,-0.2178,0.6901,-0.6901,-0.2178,0.6901,-0.6901,-0.2178,0.6901,-0.6901,-0.2502,0.2502,-0.9353,-0.2502,0.2502,-0.9353,-0.2502,0.2502,-0.9353,-0.6901,0.2178,-0.6901,-0.6901,0.2178,-0.6901,-0.6901,0.2178,-0.6901,-0.9353,0.2502,-0.2502,-0.9353,0.2502,-0.2502,-0.9353,0.2502,-0.2502,-0.6901,0.6901,-0.2178,-0.6901,0.6901,-0.2178,-0.6901,0.6901,-0.2178,-0.5774,0.5773,-0.5774,-0.5774,0.5773,-0.5774,-0.5774,0.5773,-0.5774,-0.2502,0.9353,0.2502,-0.2502,0.9353,0.2502,-0.2502,0.9353,0.2502,-0.6901,0.6901,0.2178,-0.6901,0.6901,0.2178,-0.6901,0.6901,0.2178,-0.9353,0.2502,0.2502,-0.9353,0.2502,0.2502,-0.9353,0.2502,0.2502,-0.6901,0.2178,0.6901,-0.6901,0.2178,0.6901,-0.6901,0.2178,0.6901,-0.2502,0.2502,0.9353,-0.2502,0.2502,0.9353,-0.2502,0.2502,0.9353,-0.2178,0.6901,0.6901,-0.2178,0.6901,0.6901,-0.2178,0.6901,0.6901,-0.5774,0.5773,0.5774,-0.5774,0.5773,0.5774,-0.5774,0.5773,0.5774,0.2585,0.0,0.966,0.2585,0.0,0.966,0.2585,0.0,0.966,0.7071,0.0,0.7071,0.7071,0.0,0.7071,0.7071,0.0,0.7071,0.966,0.0,0.2585,0.966,0.0,0.2585,0.966,0.0,0.2585,0.2585,0.966,0.0,0.2585,0.966,0.0,0.2585,0.966,0.0,0.7071,0.7071,0.0,0.7071,0.7071,0.0,0.7071,0.7071,0.0,0.966,0.2585,0.0,0.966,0.2585,0.0,0.966,0.2585,0.0,-0.966,0.2585,0.0,-0.966,0.2585,0.0,-0.966,0.2585,0.0,-0.7071,0.7071,0.0,-0.7071,0.7071,0.0,-0.7071,0.7071,0.0,-0.2585,0.966,0.0,-0.2585,0.966,0.0,-0.2585,0.966,0.0,-0.2585,0.0,-0.966,-0.2585,0.0,-0.966,-0.2585,0.0,-0.966,-0.7071,0.0,-0.7071,-0.7071,0.0,-0.7071,-0.7071,0.0,-0.7071,-0.966,0.0,-0.2585,-0.966,0.0,-0.2585,-0.966,0.0,-0.2585,0.0,0.2585,-0.966,0.0,0.2585,-0.966,0.0,0.2585,-0.966,0.0,0.7071,-0.7071,0.0,0.7071,-0.7071,0.0,0.7071,-0.7071,0.0,0.966,-0.2585,0.0,0.966,-0.2585,0.0,0.966,-0.2585,-0.2588,-0.0,0.9659,-0.2588,-0.0,0.9659,-0.2588,-0.0,0.9659,-0.7071,0.0,0.7071,-0.7071,0.0,0.7071,-0.7071,0.0,0.7071,-0.9659,-0.0,0.2588,-0.9659,-0.0,0.2588,-0.9659,-0.0,0.2588,0.2588,-0.0,-0.9659,0.2588,-0.0,-0.9659,0.2588,-0.0,-0.9659,0.7071,0.0,-0.7071,0.7071,0.0,-0.7071,0.7071,0.0,-0.7071,0.9659,-0.0,-0.2588,0.9659,-0.0,-0.2588,0.9659,-0.0,-0.2588,0.0,0.2585,0.966,0.0,0.2585,0.966,0.0,0.2585,0.966,0.0,0.7071,0.7071,0.0,0.7071,0.7071,0.0,0.7071,0.7071,0.0,0.966,0.2585,0.0,0.966,0.2585,0.0,0.966,0.2585,1.0,0.0,0.0,1.0,0.0,0.0,1.0,0.0,0.0,0.0,0.0,1.0,0.0,0.0,1.0,0.0,0.0,1.0,0.0,-1.0,0.0,0.0,-1.0,0.0,0.0,-1.0,0.0,0.0,-1.0,0.0,0.0,-1.0,0.0,0.0,-1.0,0.0,0.0,-1.0,0.0,0.0,-1.0,0.0,0.0,-1.0,0.0,0.0,-1.0,0.0,0.0,-1.0,0.0,0.0,-1.0,0.0,0.0,-1.0,0.0,0.0,-1.0,0.0,0.0,-1.0,0.0,0.0,-1.0,0.0,0.0,-1.0,0.0,0.0,-1.0,0.0,0.0,-1.0,0.0,0.0,-1.0,0.0,0.0,-1.0,0.0,0.0,-1.0,0.0,0.0,-1.0,0.0,0.0,-1.0,0.0,0.0,-1.0,0.0,0.0,-1.0,0.0,0.0,-1.0,0.0,0.0,-1.0,0.0,0.0,-1.0,0.0,0.0,-1.0,0.0,0.0,-1.0,0.0,0.0,-1.0,0.0,0.0,-1.0,0.0,0.0,-1.0,0.0,0.0,-1.0,0.0,0.0,-1.0,0.0,0.0,-1.0,0.0,0.0,-1.0,0.0,0.0,-1.0,0.0,-1.0,0.0,0.0,-1.0,0.0,0.0,-1.0,0.0,0.0,0.0,0.0,-1.0,0.0,0.0,-1.0,0.0,0.0,-1.0,0.0,1.0,0.0,0.0,1.0,0.0,0.0,1.0,0.0,0.928,0.2635,-0.2635,0.928,0.2635,-0.2635,0.928,0.2635,-0.2635,0.6901,0.2178,-0.6901,0.6901,0.2178,-0.6901,0.6901,0.2178,-0.6901,0.2635,0.2635,-0.928,0.2635,0.2635,-0.928,0.2635,0.2635,-0.928,0.2178,0.6901,-0.6901,0.2178,0.6901,-0.6901,0.2178,0.6901,-0.6901,0.2635,0.928,-0.2635,0.2635,0.928,-0.2635,0.2635,0.928,-0.2635,0.6901,0.6901,-0.2178,0.6901,0.6901,-0.2178,0.6901,0.6901,-0.2178,0.2635,0.2635,0.928,0.2635,0.2635,0.928,0.2635,0.2635,0.928,0.6901,0.2178,0.6901,0.6901,0.2178,0.6901,0.6901,0.2178,0.6901,0.928,0.2635,0.2635,0.928,0.2635,0.2635,0.928,0.2635,0.2635,0.6901,0.6901,0.2178,0.6901,0.6901,0.2178,0.6901,0.6901,0.2178,0.2635,0.928,0.2635,0.2635,0.928,0.2635,0.2635,0.928,0.2635,0.2178,0.6901,0.6901,0.2178,0.6901,0.6901,0.2178,0.6901,0.6901,-0.2635,0.928,-0.2635,-0.2635,0.928,-0.2635,-0.2635,0.928,-0.2635,-0.2178,0.6901,-0.6901,-0.2178,0.6901,-0.6901,-0.2178,0.6901,-0.6901,-0.2635,0.2635,-0.928,-0.2635,0.2635,-0.928,-0.2635,