{
  "alias" : "Wheels_Cylinder.001_None",
  "vertices" : [0.05,0.145,-0.003333,0.05,0.185,-0.003333,0.043301,0.145,0.021667,0.043301,0.185,0.021667,0.025,0.145,0.039968,0.025,0.185,0.039968,-0.0,0.145,0.046667,-0.0,0.185,0.046667,-0.025,0.145,0.039968,-0.025,0.185,0.039968,-0.043301,0.145,0.021667,-0.043301,0.185,0.021667,-0.05,0.145,-0.003333,-0.05,0.185,-0.003333,-0.043301,0.145,-0.028333,-0.043301,0.185,-0.028333,-0.025,0.145,-0.046635,-0.025,0.185,-0.046635,0.0,0.145,-0.053333,0.0,0.185,-0.053333,0.025,0.145,-0.046635,0.025,0.185,-0.046635,0.043301,0.145,-0.028333,0.043301,0.185,-0.028333,0.025,0.145,-0.003333,0.021651,0.145,0.009167,0.0125,0.145,0.018317,-0.0,0.145,0.021667,-0.0125,0.145,0.018317,-0.021651,0.145,0.009167,-0.025,0.145,-0.003333,-0.021651,0.145,-0.015833,-0.0125,0.145,-0.024984,0.0,0.145,-0.028333,0.0125,0.145,-0.024984,0.021651,0.145,-0.015833,0.025,-0.155,-0.003333,0.021651,-0.155,0.009167,0.0125,-0.155,0.018317,-0.0,-0.155,0.021667,-0.0125,-0.155,0.018317,-0.021651,-0.155,0.009167,-0.025,-0.155,-0.003333,-0.021651,-0.155,-0.015833,-0.0125,-0.155,-0.024984,0.0,-0.155,-0.028333,0.0125,-0.155,-0.024984,0.021651,-0.155,-0.015833,0.05,-0.155,-0.003333,0.043301,-0.155,0.021667,0.025,-0.155,0.039968,-0.0,-0.155,0.046667,-0.025,-0.155,0.039968,-0.043301,-0.155,0.021667,-0.05,-0.155,-0.003333,-0.043301,-0.155,-0.028333,-0.025,-0.155,-0.046635,0.0,-0.155,-0.053333,0.025,-0.155,-0.046635,0.043301,-0.155,-0.028333,0.05,-0.185,-0.003333,0.043301,-0.185,0.021667,0.025,-0.185,0.039968,-0.0,-0.185,0.046667,-0.025,-0.185,0.039968,-0.043301,-0.185,0.021667,-0.05,-0.185,-0.003333,-0.043301,-0.185,-0.028333,-0.025,-0.185,-0.046635,0.0,-0.185,-0.053333,0.025,-0.185,-0.046635,0.043301,-0.185,-0.028333],
  "indices" : [1,2,0,3,4,2,5,6,4,7,8,6,9,10,8,11,12,10,13,14,12,15,16,14,17,18,16,19,20,18,21,13,5,21,22,20,23,0,22,8,29,28,24,47,35,8,27,6,0,35,22,0,25,24,4,27,26,20,35,34,4,25,2,20,33,18,16,33,32,14,32,31,12,31,30,10,30,29,41,52,40,26,37,25,32,45,44,30,41,29,27,38,26,33,46,45,31,42,30,28,39,27,35,46,34,25,36,24,32,43,31,29,40,28,53,64,52,36,59,47,38,49,37,45,56,44,41,54,53,39,50,38,46,57,45,42,55,54,39,52,51,47,58,46,37,48,36,44,55,43,63,65,67,48,71,59,50,61,49,57,68,56,53,66,65,51,62,50,58,69,57,55,66,54,52,63,51,58,71,70,49,60,48,56,67,55,1,3,2,3,5,4,5,7,6,7,9,8,9,11,10,11,13,12,13,15,14,15,17,16,17,19,18,19,21,20,5,3,1,1,23,21,21,19,17,17,15,13,13,11,5,11,9,5,9,7,5,5,1,21,21,17,13,21,23,22,23,1,0,8,10,29,24,36,47,8,28,27,0,24,35,0,2,25,4,6,27,20,22,35,4,26,25,20,34,33,16,18,33,14,16,32,12,14,31,10,12,30,41,53,52,26,38,37,32,33,45,30,42,41,27,39,38,33,34,46,31,43,42,28,40,39,35,47,46,25,37,36,32,44,43,29,41,40,53,65,64,36,48,59,38,50,49,45,57,56,41,42,54,39,51,50,46,58,57,42,43,55,39,40,52,47,59,58,37,49,48,44,56,55,71,60,61,61,62,63,63,64,65,65,66,67,67,68,69,69,70,67,70,71,67,71,61,67,61,63,67,48,60,71,50,62,61,57,69,68,53,54,66,51,63,62,58,70,69,55,67,66,52,64,63,58,59,71,49,61,60,56,68,67],
  "normals" : [0.9659,0.0,0.2588,0.9659,0.0,0.2588,0.9659,0.0,0.2588,0.7071,0.0,0.7071,0.7071,0.0,0.7071,0.7071,0.0,0.7071,0.2588,0.0,0.9659,0.2588,0.0,0.9659,0.2588,0.0,0.9659,-0.2588,0.0,0.9659,-0.2588,0.0,0.9659,-0.2588,0.0,0.9659,-0.7071,0.0,0.7071,-0.7071,0.0,0.7071,-0.7071,0.0,0.7071,-0.9659,0.0,0.2588,-0.9659,0.0,0.2588,-0.9659,0.0,0.2588,-0.9659,0.0,-0.2588,-0.9659,0.0,-0.2588,-0.9659,0.0,-0.2588,-0.7071,0.0,-0.7071,-0.7071,0.0,-0.7071,-0.7071,0.0,-0.7071,-0.2588,0.0,-0.9659,-0.2588,0.0,-0.9659,-0.2588,0.0,-0.9659,0.2588,0.0,-0.9659,0.2588,0.0,-0.9659,0.2588,0.0,-0.9659,0.0,1.0,0.0,0.0,1.0,0.0,0.0,1.0,0.0,0.7071,0.0,-0.7071,0.7071,0.0,-0.7071,0.7071,0.0,-0.7071,0.9659,0.0,-0.2588,0.9659,0.0,-0.2588,0.9659,0.0,-0.2588,0.0,-1.0,0.0,0.0,-1.0,0.0,0.0,-1.0,0.0,0.9659,0.0,-0.2588,0.9659,0.0,-0.2588,0.9659,0.0,-0.2588,0.0,-1.0,0.0,0.0,-1.0,0.0,0.0,-1.0,0.0,0.0,-1.0,0.0,0.0,-1.0,0.0,0.0,-1.0,0.0,0.0,-1.0,0.0,0.0,-1.0,0.0,0.0,-1.0,0.0,0.0,-1.0,0.0,0.0,-1.0,0.0,0.0,-1.0,0.0,0.0,-1.0,0.0,0.0,-1.0,0.0,0.0,-1.0,0.0,0.0,-1.0,0.0,0.0,-1.0,0.0,0.0,-1.0,0.0,0.0,-1.0,0.0,0.0,-1.0,0.0,0.0,-1.0,0.0,0.0,-1.0,0.0,0.0,-1.0,0.0,0.0,-1.0,0.0,0.0,-1.0,0.0,0.0,-1.0,0.0,0.0,-1.0,0.0,0.0,-1.0,0.0,0.0,-1.0,0.0,0.0,-1.0,0.0,0.0,-1.0,0.0,0.0,-1.0,0.0,0.0,-1.0,0.0,0.0,1.0,0.0,0.0,1.0,0.0,0.0,1.0,0.0,0.7071,0.0,0.7071,0.7071,0.0,0.7071,0.7071,0.0,0.7071,-0.2588,0.0,-0.9659,-0.2588,0.0,-0.9659,-0.2588,0.0,-0.9659,-0.9659,0.0,0.2588,-0.9659,0.0,0.2588,-0.9659,0.0,0.2588,0.2588,0.0,0.9659,0.2588,0.0,0.9659,0.2588,0.0,0.9659,0.2588,0.0,-0.9659,0.2588,0.0,-0.9659,0.2588,0.0,-0.9659,-0.9659,0.0,-0.2588,-0.9659,0.0,-0.2588,-0.9659,0.0,-0.2588,-0.2588,0.0,0.9659,-0.2588,0.0,0.9659,-0.2588,0.0,0.9659,0.7071,0.0,-0.7071,0.7071,0.0,-0.7071,0.7071,0.0,-0.7071,0.9659,0.0,0.2588,0.9659,0.0,0.2588,0.9659,0.0,0.2588,-0.7071,0.0,-0.7071,-0.7071,0.0,-0.7071,-0.7071,0.0,-0.7071,-0.7071,0.0,0.7071,-0.7071,0.0,0.7071,-0.7071,0.0,0.7071,-0.7071,0.0,0.7071,-0.7071,0.0,0.7071,-0.7071,0.0,0.7071,0.0,1.0,0.0,0.0,1.0,0.0,0.0,1.0,0.0,0.0,1.0,0.0,0.0,1.0,0.0,0.0,1.0,0.0,0.0,1.0,0.0,0.0,1.0,0.0,0.0,1.0,0.0,0.0,1.0,0.0,0.0,1.0,0.0,0.0,1.0,0.0,0.0,1.0,0.0,0.0,1.0,0.0,0.0,1.0,0.0,0.0,1.0,0.0,0.0,1.0,0.0,0.0,1.0,0.0,0.0,1.0,0.0,0.0,1.0,0.0,0.0,1.0,0.0,0.0,1.0,0.0,0.0,1.0,0.0,0.0,1.0,0.0,0.0,1.0,0.0,0.0,1.0,0.0,0.0,1.0,0.0,0.0,1.0,0.0,0.0,1.0,0.0,0.0,1.0,0.0,0.0,1.0,0.0,0.0,1.0,0.0,0.0,1.0,0.0,0.0,-1.0,0.0,0.0,-1.0,0.0,0.0,-1.0,0.0,0.9659,0.0,-0.2588,0.9659,0.0,-0.2588,0.9659,0.0,-0.2588,0.7071,0.0,0.7071,0.7071,0.0,0.7071,0.7071,0.0,0.7071,-0.2588,0.0,-0.9659,-0.2588,0.0,-0.9659,-0.2588,0.0,-0.9659,-0.9659,0.0,0.2588,-0.9659,0.0,0.2588,-0.9659,0.0,0.2588,0.2588,0.0,0.9659,0.2588,0.0,0.9659,0.2588,0.0,0.9659,0.2588,0.0,-0.9659,0.2588,0.0,-0.9659,0.2588,0.0,-0.9659,-0.9659,0.0,-0.2588,-0.9659,0.0,-0.2588,-0.9659,0.0,-0.2588,-0.2588,0.0,0.9659,-0.2588,0.0,0.9659,-0.2588,0.0,0.9659,0.7071,0.0,-0.7071,0.7071,0.0,-0.7071,0.7071,0.0,-0.7071,0.9659,0.0,0.2588,0.9659,0.0,0.2588,0.9659,0.0,0.2588,-0.7071,0.0,-0.7071,-0.7071,0.0,-0.7071,-0.7071,0.0,-0.7071,0.9659,0.0,0.2588,0.9659,0.0,0.2588,0.9659,0.0,0.2588,0.7071,0.0,0.7071,0.7071,0.0,0.7071,0.7071,0.0,0.7071,0.2588,0.0,0.9659,0.2588,0.0,0.9659,0.2588,0.0,0.9659,-0.2588,0.0,0.9659,-0.2588,0.0,0.9659,-0.2588,0.0,0.9659,-0.7071,0.0,0.7071,-0.7071,0.0,0.7071,-0.7071,0.0,0.7071,-0.9659,0.0,0.2588,-0.9659,0.0,0.2588,-0.9659,0.0,0.2588,-0.9659,0.0,-0.2588,-0.9659,0.0,-0.2588,-0.9659,0.0,-0.2588,-0.7071,0.0,-0.7071,-0.7071,0.0,-0.7071,-0.7071,0.0,-0.7071,-0.2588,0.0,-0.9659,-0.2588,0.0,-0.9659,-0.2588,0.0,-0.9659,0.2588,0.0,-0.9659,0.2588,0.0,-0.9659,0.2588,0.0,-0.9659,0.0,1.0,0.0,0.0,1.0,0.0,0.0,1.0,0.0,0.0,1.0,0.0,0.0,1.0,0.0,0.0,1.0,0.0,0.0,1.0,0.0,0.0,1.0,0.0,0.0,1.0,0.0,0.0,1.0,0.0,0.0,1.0,0.0,0.0,1.0,0.0,0.0,1.0,0.0,0.0,1.0,0.0,0.0,1.0,0.0,0.0,1.0,0.0,0.0,1.0,0.0,0.0,1.0,0.0,0.0,1.0,0.0,0.0,1.0,0.0,0.0,1.0,0.0,0.0,1.0,0.0,0.0,1.0,0.0,0.0,1.0,0.0,0.0,1.0,0.0,0.0,1.0,0.0,0.0,1.0,0.0,0.7071,0.0,-0.7071,0.7071,0.0,-0.7071,0.7071,0.0,-0.7071,0.9659,0.0,-0.2588,0.9659,0.0,-0.2588,0.9659,0.0,-0.2588,0.0,-1.0,0.0,0.0,-1.0,0.0,0.0,-1.0,0.0,0.9659,0.0,-0.2588,0.9659,0.0,-0.2588,0.9659,0.0,-0.2588,0.0,-1.0,0.0,0.0,-1.0,0.0,0.0,-1.0,0.0,0.0,-1.0,0.0,0.0,-1.0,0.0,0.0,-1.0,0.0,0.0,-1.0,0.0,0.0,-1.0,0.0,0.0,-1.0,0.0,0.0,-1.0,0.0,0.0,-1.0,0.0,0.0,-1.0,0.0,0.0,-1.0,0.0,0.0,-1.0,0.0,0.0,-1.0,0.0,0.0,-1.0,0.0,0.0,-1.0,0.0,0.0,-1.0,0.0,0.0,-1.0,0.0,0.0,-1.0,0.0,0.0,-1.0,0.0,0.0,-1.0,0.0,0.0,-1.0,0.0,0.0,-1.0,0.0,0.0,-1.0,0.0,0.0,-1.0,0.0,0.0,-1.0,0.0,0.0,-1.0,0.0,0.0,-1.0,0.0,0.0,-1.0,0.0,0.0,-1.0,0.0,0.0,-1.0,0.0,0.0,-1.0,0.0,0.0,1.0,0.0,0.0,1.0,0.0,0.0,1.0,0.0,0.7071,0.0,0.7071,0.7071,0.0,0.7071,0.7071,0.0,0.7071,-0.2588,0.0,-0.9659,-0.2588,0.0,-0.9659,-0.2588,0.0,-0.9659,-0.9659,0.0,0.2588,-0.9659,0.0,0.2588,-0.9659,0.0,0.2588,0.2588,0.0,0.9659,0.2588,0.0,0.9659,0.2588,0.0,0.9659,0.2588,0.0,-0.9659,0.2588,0.0,-0.9659,0.2588,0.0,-0.9659,-0.9659,0.0,-0.2588,-0.9659,0.0,-0.2588,-0.9659,0.0,-0.2588,-0.2588,0.0,0.9659,-0.2588,0.0,0.9659,-0.2588,0.0,0.9659,0.7071,0.0,-0.7071,0.7071,0.0,-0.7071,