{
  "alias" : "Cube_Cube_Material",
  "vertices" : [0.5,0.468846,-0.468846,0.468846,0.468846,-0.5,0.468846,0.5,-0.468846,0.490875,0.468846,-0.490875,0.486833,0.486833,-0.486833,0.468846,0.490875,-0.490875,0.490875,0.490875,-0.468846,0.468846,0.468846,0.5,0.5,0.468846,0.468846,0.468846,0.5,0.468846,0.490875,0.468846,0.490875,0.486833,0.486833,0.486833,0.490875,0.490875,0.468846,0.468846,0.490875,0.490875,-0.468846,0.5,-0.468846,-0.468846,0.468846,-0.5,-0.5,0.468846,-0.468846,-0.468846,0.490875,-0.490875,-0.486833,0.486833,-0.486833,-0.490875,0.468846,-0.490875,-0.490875,0.490875,-0.468846,-0.468846,0.5,0.468846,-0.5,0.468846,0.468846,-0.468846,0.468846,0.5,-0.490875,0.490875,0.468846,-0.486833,0.486833,0.486833,-0.490875,0.468846,0.490875,-0.468846,0.490875,0.490875,0.5,-0.468846,-0.468846,0.468846,-0.5,-0.468846,0.468846,-0.468846,-0.5,0.490875,-0.490875,-0.468846,0.486833,-0.486833,-0.486833,0.468846,-0.490875,-0.490875,0.490875,-0.468846,-0.490875,0.468846,-0.5,0.468846,0.5,-0.468846,0.468846,0.468846,-0.468846,0.5,0.490875,-0.490875,0.468846,0.486833,-0.486833,0.486833,0.490875,-0.468846,0.490875,0.468846,-0.490875,0.490875,-0.468846,-0.5,-0.468846,-0.5,-0.468846,-0.468846,-0.468846,-0.468846,-0.5,-0.490875,-0.490875,-0.468846,-0.486833,-0.486833,-0.486833,-0.490875,-0.468846,-0.490875,-0.468846,-0.490875,-0.490875,-0.468846,-0.468846,0.5,-0.5,-0.468846,0.468846,-0.468846,-0.5,0.468846,-0.490875,-0.468846,0.490875,-0.486833,-0.486833,0.486833,-0.490875,-0.490875,0.468846,-0.468846,-0.490875,0.490875],
  "indices" : [7,49,37,42,35,51,16,50,22,30,15,1,2,21,9,0,4,6,1,4,3,2,4,5,7,11,13,8,11,10,9,11,12,14,18,20,15,18,17,16,18,19,21,25,27,22,25,24,23,25,26,28,32,34,29,32,31,30,32,33,35,39,41,36,39,38,37,39,40,42,46,48,43,46,45,44,46,47,49,53,55,50,53,52,51,53,54,49,41,37,55,35,41,37,10,7,40,8,10,9,6,2,12,0,6,43,54,50,45,51,54,22,20,16,24,14,20,36,31,28,38,29,31,44,19,15,47,16,19,15,5,1,17,2,5,23,52,49,26,50,52,30,48,44,33,42,48,1,34,30,3,28,34,7,27,23,13,21,27,28,8,36,7,23,49,42,29,35,16,43,50,30,44,15,2,14,21,0,3,4,1,5,4,2,6,4,7,10,11,8,12,11,9,13,11,14,17,18,15,19,18,16,20,18,21,24,25,22,26,25,23,27,25,28,31,32,29,33,32,30,34,32,35,38,39,36,40,39,37,41,39,42,45,46,43,47,46,44,48,46,49,52,53,50,54,53,51,55,53,49,55,41,55,51,35,37,40,10,40,36,8,9,12,6,12,8,0,43,45,54,45,42,51,22,24,20,24,21,14,36,38,31,38,35,29,44,47,19,47,43,16,15,17,5,17,14,2,23,26,52,26,22,50,30,33,48,33,29,42,1,3,34,3,0,28,7,13,27,13,9,21,28,0,8],
  "normals" : [0.0,0.0,1.0,0.0,0.0,1.0,0.0,0.0,1.0,0.0,-1.0,0.0,0.0,-1.0,0.0,0.0,-1.0,0.0,-1.0,0.0,0.0,-1.0,0.0,0.0,-1.0,0.0,0.0,0.0,0.0,-1.0,0.0,0.0,-1.0,0.0,0.0,-1.0,0.0,1.0,0.0,0.0,1.0,0.0,0.0,1.0,0.0,0.8865,0.3672,-0.2817,0.8865,0.3672,-0.2817,0.8865,0.3672,-0.2817,0.3672,0.2817,-0.8865,0.3672,0.2817,-0.8865,0.3672,0.2817,-0.8865,0.2817,0.8865,-0.3672,0.2817,0.8865,-0.3672,0.2817,0.8865,-0.3672,0.2817,0.3672,0.8865,0.2817,0.3672,0.8865,0.2817,0.3672,0.8865,0.8865,0.2817,0.3672,0.8865,0.2817,0.3672,0.8865,0.2817,0.3672,0.3672,0.8865,0.2817,0.3672,0.8865,0.2817,0.3672,0.8865,0.2817,-0.3672,0.8865,-0.2817,-0.3672,0.8865,-0.2817,-0.3672,0.8865,-0.2817,-0.2817,0.3672,-0.8865,-0.2817,0.3672,-0.8865,-0.2817,0.3672,-0.8865,-0.8865,0.2817,-0.3672,-0.8865,0.2817,-0.3672,-0.8865,0.2817,-0.3672,-0.2817,0.8865,0.3672,-0.2817,0.8865,0.3672,-0.2817,0.8865,0.3672,-0.8865,0.3672,0.2817,-0.8865,0.3672,0.2817,-0.8865,0.3672,0.2817,-0.3672,0.2817,0.8865,-0.3672,0.2817,0.8865,-0.3672,0.2817,0.8865,0.8865,-0.2817,-0.3672,0.8865,-0.2817,-0.3672,0.8865,-0.2817,-0.3672,0.3672,-0.8865,-0.2817,0.3672,-0.8865,-0.2817,0.3672,-0.8865,-0.2817,0.2817,-0.3672,-0.8865,0.2817,-0.3672,-0.8865,0.2817,-0.3672,-0.8865,0.2817,-0.8865,0.3672,0.2817,-0.8865,0.3672,0.2817,-0.8865,0.3672,0.8865,-0.3672,0.2817,0.8865,-0.3672,0.2817,0.8865,-0.3672,0.2817,0.3672,-0.2817,0.8865,0.3672,-0.2817,0.8865,0.3672,-0.2817,0.8865,-0.2817,-0.8865,-0.3672,-0.2817,-0.8865,-0.3672,-0.2817,-0.8865,-0.3672,-0.8865,-0.3672,-0.2817,-0.8865,-0.3672,-0.2817,-0.8865,-0.3672,-0.2817,-0.3672,-0.2817,-0.8865,-0.3672,-0.2817,-0.8865,-0.3672,-0.2817,-0.8865,-0.2817,-0.3672,0.8865,-0.2817,-0.3672,0.8865,-0.2817,-0.3672,0.8865,-0.8865,-0.2817,0.3672,-0.8865,-0.2817,0.3672,-0.8865,-0.2817,0.3672,-0.3672,-0.8865,0.2817,-0.3672,-0.8865,0.2817,-0.3672,-0.8865,0.2817,0.0,-0.3827,0.9239,0.0,-0.3827,0.9239,0.0,-0.3827,0.9239,0.0,-0.9239,0.3827,0.0,-0.9239,0.3827,0.0,-0.9239,0.3827,0.3827,0.0,0.9239,0.3827,0.0,0.9239,0.3827,0.0,0.9239,0.9239,0.0,0.3827,0.9239,0.0,0.3827,0.9239,0.0,0.3827,0.3827,0.9239,0.0,0.3827,0.9239,0.0,0.3827,0.9239,0.0,0.9239,0.3827,0.0,0.9239,0.3827,0.0,0.9239,0.3827,0.0,-0.9239,-0.3827,0.0,-0.9239,-0.3827,0.0,-0.9239,-0.3827,0.0,-0.3827,-0.9239,0.0,-0.3827,-0.9239,0.0,-0.3827,-0.9239,0.0,-0.9239,0.3827,0.0,-0.9239,0.3827,0.0,-0.9239,0.3827,0.0,-0.3827,0.9239,0.0,-0.3827,0.9239,0.0,-0.3827,0.9239,0.0,0.9239,-0.3827,0.0,0.9239,-0.3827,0.0,0.9239,-0.3827,0.0,0.3827,-0.9239,0.0,0.3827,-0.9239,0.0,0.3827,-0.9239,0.0,-0.3827,0.0,-0.9239,-0.3827,0.0,-0.9239,-0.3827,0.0,-0.9239,-0.9239,0.0,-0.3827,-0.9239,0.0,-0.3827,-0.9239,0.0,-0.3827,0.0,0.3827,-0.9239,0.0,0.3827,-0.9239,0.0,0.3827,-0.9239,0.0,0.9239,-0.3827,0.0,0.9239,-0.3827,0.0,0.9239,-0.3827,-0.3827,0.0,0.9239,-0.3827,0.0,0.9239,-0.3827,0.0,0.9239,-0.9239,0.0,0.3827,-0.9239,0.0,0.3827,-0.9239,0.0,0.3827,0.0,-0.3827,-0.9239,0.0,-0.3827,-0.9239,0.0,-0.3827,-0.9239,0.0,-0.9239,-0.3827,0.0,-0.9239,-0.3827,0.0,-0.9239,-0.3827,0.3827,0.0,-0.9239,0.3827,0.0,-0.9239,0.3827,0.0,-0.9239,0.9239,0.0,-0.3827,0.9239,0.0,-0.3827,0.9239,0.0,-0.3827,0.0,0.3827,0.9239,0.0,0.3827,0.9239,0.0,0.3827,0.9239,0.0,0.9239,0.3827,0.0,0.9239,0.3827,0.0,0.9239,0.3827,1.0,0.0,0.0,1.0,0.0,0.0,1.0,0.0,0.0,0.0,0.0,1.0,0.0,0.0,1.0,0.0,0.0,1.0,0.0,-1.0,0.0,0.0,-1.0,0.0,0.0,-1.0,0.0,-1.0,0.0,0.0,-1.0,0.0,0.0,-1.0,0.0,0.0,0.0,0.0,-1.0,0.0,0.0,-1.0,0.0,0.0,-1.0,0.0,1.0,0.0,0.0,1.0,0.0,0.0,1.0,0.0,0.8865,0.2817,-0.3672,0.8865,0.2817,-0.3672,0.8865,0.2817,-0.3672,0.2817,0.3672,-0.8865,0.2817,0.3672,-0.8865,0.2817,0.3672,-0.8865,0.3672,0.8865,-0.2817,0.3672,0.8865,-0.2817,0.3672,0.8865,-0.2817,0.3672,0.2817,0.8865,0.3672,0.2817,0.8865,0.3672,0.2817,0.8865,0.8865,0.3672,0.2817,0.8865,0.3672,0.2817,0.8865,0.3672,0.2817,0.2817,0.8865,0.3672,0.2817,0.8865,0.3672,0.2817,0.8865,0.3672,-0.2817,0.8865,-0.3672,-0.2817,0.8865,-0.3672,-0.2817,0.8865,-0.3672,-0.3672,0.2817,-0.8865,-0.3672,0.2817,-0.8865,-0.3672,0.2817,-0.8865,-0.8865,0.3672,-0.2817,-0.8865,0.3672,-0.2817,-0.8865,0.3672,-0.2817,-0.3672,0.8865,0.2817,-0.3672,0.8865,0.2817,-0.3672,0.8865,0.2817,-0.8865,0.2817,0.3672,-0.8865,0.2817,0.3672,-0.8865,0.2817,0.3672,-0.2817,0.3672,0.8865,-0.2817,0.3672,0.8865,-0.2817,0.3672,0.8865,0.8865,-0.3672,-0.2817,0.8865,-0.3672,-0.2817,0.8865,-0.3672,-0.2817,0.2817,-0.8865,-0.3672,0.2817,-0.8865,-0.3672,0.2817,-0.8865,-0.3672,0.3672,-0.2817,-0.8865,0.3672,-0.2817,-0.8865,0.3672,-0.2817,-0.8865,0.3672,-0.8865,0.2817,0.3672,-0.8865,0.2817,0.3672,-0.8865,0.2817,0.8865,-0.2817,0.3672,0.8865,-0.2817,0.3672,0.8865,-0.2817,0.3672,0.2817,-0.3672,0.8865,0.2817,-0.3672,0.8865,0.2817,-0.3672,0.8865,-0.3672,-0.8865,-0.2817,-0.3672,-0.8865,-0.2817,-0.3672,-0.8865,-0.2817,-0.8865,-0.2817,-0.3672,-0.8865,-0.2817,-0.3672,-0.8865,-0.2817,-0.3672,-0.2817,-0.3672,-0.8865,-0.2817,-0.3672,-0.8865,-0.2817,-0.3672,-0.8865,-0.3672,-0.2817,0.8865,-0.3672,-0.2817,0.8865,-0.3672,-0.2817,0.8865,-0.8865,-0.3672,0.2817,-0.8865,-0.3672,0.2817,-0.8865,-0.3672,0.2817,-0.2817,-0.8865,0.3672,-0.2817,-0.8865,0.3672,-0.2817,-0.8865,0.3672,0.0,-0.3827,0.9239,0.0,-0.3827,0.9239,0.0,-0.3827,0.9239,0.0,-0.9239,0.3827,0.0,-0.9239,0.3827,0.0,-0.9239,0.3827,0.3827,0.0,0.9239,0.3827,0.0,0.9239,0.3827,0.0,0.9239,0.9239,0.0,0.3827,0.9239,0.0,0.3827,0.9239,0.0,0.3827,0.3827,0.9239,0.0,0.3827,0.9239,0.0,0.3827,0.9239,0.0,0.9239,0.3827,0.0,0.9239,0.3827,0.0,0.9239,0.3827,0.0,-0.9239,-0.3827,0.0,-0.9239,-0.3827,0.0,-0.9239,-0.3827,0.0,-0.3827,-0.9239,0.0,-0.3827,-0.9239,0.0,-0.3827,-0.9239,0.0,-0.9239,0.3827,0.0,-0.9239,0.3827,0.0,-0.9239,0.3827,