{
  "alias" : "Cube_cell.005_Cube_cell.004_Material",
  "vertices" : [-0.102029,0.047542,-0.095043,-0.082803,0.091275,-0.142596,-0.251966,0.248179,-0.290485,-0.473797,-0.5,-0.473797,-0.5,-0.473797,-0.473797,-0.473797,-0.473797,-0.5,-0.492325,-0.492325,-0.473797,-0.488925,-0.488925,-0.488925,-0.492325,-0.473797,-0.492325,-0.473797,-0.492325,-0.492325,-0.5,0.415917,-0.441385,-0.5,0.330297,-0.350858,-0.5,0.324145,-0.344436,-0.337922,-0.5,-0.094055,-0.083536,0.089923,-0.5,-0.115808,0.120018,-0.5,-0.35313,0.340699,-0.5,-0.486525,0.417216,-0.494728,-0.473797,0.410685,-0.5,-0.5,0.421401,-0.473797,-0.492325,0.420135,-0.492325,-0.497675,-0.479409,-0.170763,-0.5,-0.473797,-0.173078,-0.473797,-0.5,-0.155001,-0.492325,-0.492325,-0.165458,-0.338116,-0.5,-0.473797,-0.32682,-0.473797,-0.5,-0.334813,-0.492325,-0.492325,-0.337922,-0.5,-0.094055,-0.473797,-0.5,-0.155001,-0.5,0.415917,-0.441385,-0.5,0.330297,-0.350858,-0.083536,0.089923,-0.5,-0.115808,0.120018,-0.5,-0.486525,0.417216,-0.494728,-0.473797,0.410685,-0.5,-0.5,0.421401,-0.473797,-0.492325,0.420135,-0.492325,-0.497675,-0.479409,-0.170763,-0.5,-0.473797,-0.173078,-0.492325,-0.492325,-0.165458,-0.338116,-0.5,-0.473797,-0.334813,-0.492325,-0.492325,-0.5,0.324145,-0.344436,-0.32682,-0.473797,-0.5,-0.35313,0.340699,-0.5],
  "indices" : [1,43,0,28,1,0,31,2,30,33,1,32,2,33,45,2,35,34,30,2,34,0,39,38,28,0,38,41,23,3,11,10,19,16,15,5,3,7,9,4,7,6,5,7,8,6,24,21,3,24,6,8,17,18,4,20,8,42,5,44,9,41,3,26,32,1,1,31,43,31,1,2,33,2,1,2,45,35,37,36,34,36,30,34,0,43,39,40,29,38,29,28,38,41,13,23,19,4,11,4,22,12,11,4,12,15,14,44,44,5,15,5,18,16,3,6,7,4,8,7,5,9,7,21,22,6,22,4,6,3,23,24,18,5,8,8,20,17,4,19,20,42,9,5,9,42,41,1,28,26,28,25,26,25,27,26],
  "normals" : [0.0682,0.7204,0.6902,0.0682,0.7204,0.6902,0.0682,0.7204,0.6902,0.9184,-0.3956,0.0074,0.9184,-0.3956,0.0074,0.9184,-0.3956,0.0074,0.0731,0.7246,0.6853,0.0731,0.7246,0.6853,0.0731,0.7246,0.6853,0.682,0.7313,-0.0042,0.682,0.7313,-0.0042,0.682,0.7313,-0.0042,0.681,0.7323,-0.0054,0.681,0.7323,-0.0054,0.681,0.7323,-0.0054,0.4969,0.8567,0.1384,0.4969,0.8567,0.1384,0.4969,0.8567,0.1384,0.4921,0.8583,0.1452,0.4921,0.8583,0.1452,0.4921,0.8583,0.1452,-0.423,0.1903,0.8859,-0.423,0.1903,0.8859,-0.423,0.1903,0.8859,-0.4074,0.1771,0.8959,-0.4074,0.1771,0.8959,-0.4074,0.1771,0.8959,0.0,-1.0,0.0,0.0,-1.0,0.0,0.0,-1.0,0.0,-1.0,0.0,0.0,-1.0,0.0,0.0,-1.0,0.0,0.0,0.0,0.0,-1.0,0.0,0.0,-1.0,0.0,0.0,-1.0,-0.2817,-0.8865,-0.3672,-0.2817,-0.8865,-0.3672,-0.2817,-0.8865,-0.3672,-0.8865,-0.3672,-0.2817,-0.8865,-0.3672,-0.2817,-0.8865,-0.3672,-0.2817,-0.3672,-0.2817,-0.8865,-0.3672,-0.2817,-0.8865,-0.3672,-0.2817,-0.8865,-0.9239,-0.3827,0.0,-0.9239,-0.3827,0.0,-0.9239,-0.3827,0.0,-0.3827,-0.9239,0.0,-0.3827,-0.9239,0.0,-0.3827,-0.9239,0.0,-0.3827,0.0,-0.9239,-0.3827,0.0,-0.9239,-0.3827,0.0,-0.9239,-0.9239,0.0,-0.3827,-0.9239,0.0,-0.3827,-0.9239,0.0,-0.3827,0.0,-0.3827,-0.9239,0.0,-0.3827,-0.9239,0.0,-0.3827,-0.9239,0.0,-0.9239,-0.3827,0.0,-0.9239,-0.3827,0.0,-0.9239,-0.3827,0.9181,-0.3962,-0.0004,0.9181,-0.3962,-0.0004,0.9181,-0.3962,-0.0004,0.0682,0.7204,0.6902,0.0682,0.7204,0.6902,0.0682,0.7204,0.6902,0.0731,0.7247,0.6852,0.0731,0.7247,0.6852,0.0731,0.7247,0.6852,0.682,0.7313,-0.0042,0.682,0.7313,-0.0042,0.682,0.7313,-0.0042,0.4969,0.8567,0.1384,0.4969,0.8567,0.1384,0.4969,0.8567,0.1384,0.4921,0.8583,0.1452,0.4921,0.8583,0.1452,0.4921,0.8583,0.1452,0.4921,0.8583,0.1452,0.4921,0.8583,0.1452,0.4921,0.8583,0.1452,-0.423,0.1903,0.886,-0.423,0.1903,0.886,-0.423,0.1903,0.886,-0.4219,0.1894,0.8866,-0.4219,0.1894,0.8866,-0.4219,0.1894,0.8866,-0.3994,0.2184,0.8904,-0.3994,0.2184,0.8904,-0.3994,0.2184,0.8904,0.0,-1.0,0.0,0.0,-1.0,0.0,0.0,-1.0,0.0,-1.0,0.0,0.0,-1.0,0.0,0.0,-1.0,0.0,0.0,-1.0,0.0,0.0,-1.0,0.0,0.0,-1.0,0.0,0.0,-1.0,0.0,0.0,-1.0,0.0,0.0,-1.0,0.0,0.0,0.0,0.0,-1.0,0.0,0.0,-1.0,0.0,0.0,-1.0,0.0,0.0,-1.0,0.0,0.0,-1.0,0.0,0.0,-1.0,0.0,0.0,-1.0,0.0,0.0,-1.0,0.0,0.0,-1.0,-0.3672,-0.8864,-0.2818,-0.3672,-0.8864,-0.2818,-0.3672,-0.8864,-0.2818,-0.8864,-0.2818,-0.3672,-0.8864,-0.2818,-0.3672,-0.8864,-0.2818,-0.3672,-0.2818,-0.3672,-0.8864,-0.2818,-0.3672,-0.8864,-0.2818,-0.3672,-0.8864,-0.9239,-0.3827,0.0,-0.9239,-0.3827,0.0,-0.9239,-0.3827,0.0,-0.9239,-0.3827,0.0,-0.9239,-0.3827,0.0,-0.9239,-0.3827,0.0,-0.3827,-0.9239,0.0,-0.3827,-0.9239,0.0,-0.3827,-0.9239,0.0,-0.3827,0.0,-0.9239,-0.3827,0.0,-0.9239,-0.3827,0.0,-0.9239,-0.3827,0.0,-0.9239,-0.3827,0.0,-0.9239,-0.3827,0.0,-0.9239,-0.9239,0.0,-0.3827,-0.9239,0.0,-0.3827,-0.9239,0.0,-0.3827,0.0,-0.3827,-0.9239,0.0,-0.3827,-0.9239,0.0,-0.3827,-0.9239,0.0,-0.9239,-0.3827,0.0,-0.9239,-0.3827,0.0,-0.9239,-0.3827,0.9182,-0.3962,-0.0005,0.9182,-0.3962,-0.0005,0.9182,-0.3962,-0.0005,0.9181,-0.3962,-0.0005,0.9181,-0.3962,-0.0005,0.9181,-0.3962,-0.0005,0.9181,-0.3963,-0.0005,0.9181,-0.3963,-0.0005,0.9181,-0.3963,-0.0005],
  "Ns" : 323.99999,
  "Ka" : [1.00000,1.00000,1.00000],
  "Kd" : [0.80000,0.80000,0.80000],
  "Ks" : [0.50000,0.50000,0.50000],
  "Ni" : 1.45000,
  "d" : 1.00000,
  "illum" : 2
}