{
  "alias" : "Cube_cell.006_Cube_cell.005_Material",
  "vertices" : [0.333139,-0.066513,-0.127277,0.265814,-0.254303,0.027092,0.5,0.177597,-0.087751,0.5,-0.047844,-0.191369,0.5,0.189392,-0.08194,0.5,-0.31507,-0.001791,0.5,-0.366116,0.034534,0.408638,-0.247923,0.5,0.473797,-0.139382,0.5,0.5,-0.082904,0.473797,0.492325,-0.104765,0.492325,0.5,-0.298986,0.457953,0.473797,-0.279542,0.5,0.5,-0.296451,0.473797,0.492325,-0.289761,0.492325,0.5,0.177597,-0.087751,0.5,-0.047844,-0.191369,0.5,0.189392,-0.08194,0.5,-0.31507,-0.001791,0.5,-0.366116,0.034534,0.5,-0.082904,0.473797,0.473797,-0.139382,0.5,0.492325,-0.104765,0.492325,0.408638,-0.247923,0.5,0.473797,-0.279542,0.5,0.492325,-0.289761,0.492325,0.5,-0.298986,0.457953,0.5,-0.296451,0.473797],
  "indices" : [16,0,15,15,0,17,0,16,18,1,18,19,21,22,20,1,19,26,26,27,24,8,7,12,8,14,10,10,13,9,5,2,9,1,0,18,20,17,0,0,1,20,1,23,20,20,23,21,25,24,27,24,23,26,23,1,26,8,12,14,10,14,13,11,6,5,5,3,2,2,4,9,9,13,11,11,5,9],
  "normals" : [-0.368,0.3883,-0.8449,-0.368,0.3883,-0.8449,-0.368,0.3883,-0.8449,-0.3982,0.4054,-0.8229,-0.3982,0.4054,-0.8229,-0.3982,0.4054,-0.8229,-0.2412,-0.5615,-0.7915,-0.2412,-0.5615,-0.7915,-0.2412,-0.5615,-0.7915,-0.2434,-0.5624,-0.7903,-0.2434,-0.5624,-0.7903,-0.2434,-0.5624,-0.7903,-0.8313,0.4992,0.2446,-0.8313,0.4992,0.2446,-0.8313,0.4992,0.2446,-0.4302,-0.8916,0.1414,-0.4302,-0.8916,0.1414,-0.4302,-0.8916,0.1414,-0.4321,-0.8905,0.1425,-0.4321,-0.8905,0.1425,-0.4321,-0.8905,0.1425,0.0,0.0,1.0,0.0,0.0,1.0,0.0,0.0,1.0,0.3827,0.0,0.9239,0.3827,0.0,0.9239,0.3827,0.0,0.9239,0.9239,0.0,0.3827,0.9239,0.0,0.3827,0.9239,0.0,0.3827,1.0,0.0,0.0,1.0,0.0,0.0,1.0,0.0,0.0,-0.2434,-0.5624,-0.7903,-0.2434,-0.5624,-0.7903,-0.2434,-0.5624,-0.7903,-0.8315,0.4989,0.2444,-0.8315,0.4989,0.2444,-0.8315,0.4989,0.2444,-0.8314,0.499,0.2444,-0.8314,0.499,0.2444,-0.8314,0.499,0.2444,-0.8314,0.4991,0.2444,-0.8314,0.4991,0.2444,-0.8314,0.4991,0.2444,-0.8314,0.4991,0.2444,-0.8314,0.4991,0.2444,-0.8314,0.4991,0.2444,-0.4321,-0.8905,0.1425,-0.4321,-0.8905,0.1425,-0.4321,-0.8905,0.1425,-0.4321,-0.8905,0.1425,-0.4321,-0.8905,0.1425,-0.4321,-0.8905,0.1425,-0.4321,-0.8905,0.1425,-0.4321,-0.8905,0.1425,-0.4321,-0.8905,0.1425,0.3827,0.0,0.9239,0.3827,0.0,0.9239,0.3827,0.0,0.9239,0.9239,0.0,0.3827,0.9239,0.0,0.3827,0.9239,0.0,0.3827,1.0,0.0,0.0,1.0,0.0,0.0,1.0,0.0,0.0,1.0,0.0,0.0,1.0,0.0,0.0,1.0,0.0,0.0,1.0,0.0,0.0,1.0,0.0,0.0,1.0,0.0,0.0,1.0,0.0,0.0,1.0,0.0,0.0,1.0,0.0,0.0,1.0,0.0,0.0,1.0,0.0,0.0,1.0,0.0,0.0],
  "Ns" : 323.99999,
  "Ka" : [1.00000,1.00000,1.00000],
  "Kd" : [0.80000,0.80000,0.80000],
  "Ks" : [0.50000,0.50000,0.50000],
  "Ni" : 1.45000,
  "d" : 1.00000,
  "illum" : 2
}