{
  "alias" : "Cube_cell.009_Cube_cell.008_Material",
  "vertices" : [-0.000979,-0.033642,0.406587,0.098995,-0.133292,0.5,0.019823,0.038491,0.5,-0.5,0.001234,0.473797,-0.5,0.025238,0.446119,-0.473797,-0.026384,0.5,-0.492325,-0.016268,0.492325,-0.216849,0.05359,0.5,-0.5,0.046561,0.473797,-0.473797,0.06828,0.5,-0.492325,0.059951,0.492325,0.098995,-0.133292,0.5,0.019823,0.038491,0.5,-0.5,0.001234,0.473797,-0.5,0.025238,0.446119,-0.473797,-0.026384,0.5,-0.492325,-0.016268,0.492325,-0.216849,0.05359,0.5,-0.473797,0.06828,0.5,-0.492325,0.059951,0.492325,-0.5,0.046561,0.473797],
  "indices" : [11,0,12,0,17,12,14,18,17,18,8,19,1,2,7,4,13,20,16,9,10,13,10,20,0,11,5,0,14,17,18,14,8,7,9,15,15,1,7,16,15,9,13,16,10,5,6,3,3,14,5,14,0,5],
  "normals" : [0.804,0.3705,-0.4652,0.804,0.3705,-0.4652,0.804,0.3705,-0.4652,0.0501,0.7851,-0.6174,0.0501,0.7851,-0.6174,0.0501,0.7851,-0.6174,0.044,0.77,-0.6365,0.044,0.77,-0.6365,0.044,0.77,-0.6365,-0.1504,0.8298,-0.5374,-0.1504,0.8298,-0.5374,-0.1504,0.8298,-0.5374,0.0,0.0,1.0,0.0,0.0,1.0,0.0,0.0,1.0,-1.0,0.0,0.0,-1.0,0.0,0.0,-1.0,0.0,0.0,-0.3827,0.0,0.9239,-0.3827,0.0,0.9239,-0.3827,0.0,0.9239,-0.9239,0.0,0.3827,-0.9239,0.0,0.3827,-0.9239,0.0,0.3827,-0.1396,-0.7482,-0.6487,-0.1396,-0.7482,-0.6487,-0.1396,-0.7482,-0.6487,0.0418,0.7766,-0.6286,0.0418,0.7766,-0.6286,0.0418,0.7766,-0.6286,-0.0463,0.7913,-0.6096,-0.0463,0.7913,-0.6096,-0.0463,0.7913,-0.6096,0.0,0.0,1.0,0.0,0.0,1.0,0.0,0.0,1.0,0.0,0.0,1.0,0.0,0.0,1.0,0.0,0.0,1.0,-0.3827,0.0,0.9239,-0.3827,0.0,0.9239,-0.3827,0.0,0.9239,-0.9239,0.0,0.3827,-0.9239,0.0,0.3827,-0.9239,0.0,0.3827,-0.1397,-0.7481,-0.6488,-0.1397,-0.7481,-0.6488,-0.1397,-0.7481,-0.6488,-0.1397,-0.7481,-0.6488,-0.1397,-0.7481,-0.6488,-0.1397,-0.7481,-0.6488,-0.1397,-0.7481,-0.6488,-0.1397,-0.7481,-0.6488,-0.1397,-0.7481,-0.6488],
  "Ns" : 323.99999,
  "Ka" : [1.00000,1.00000,1.00000],
  "Kd" : [0.80000,0.80000,0.80000],
  "Ks" : [0.50000,0.50000,0.50000],
  "Ni" : 1.45000,
  "d" : 1.00000,
  "illum" : 2
}