{
  "alias" : "Cube_cell.012_Cube_cell.011_Material",
  "vertices" : [-0.473797,0.5,0.473797,-0.5,0.473797,0.473797,-0.473797,0.473797,0.5,-0.492325,0.492325,0.473797,-0.488925,0.488925,0.488925,-0.492325,0.473797,0.492325,-0.473797,0.492325,0.492325,-0.473797,0.5,0.384587,-0.435073,0.5,0.473797,-0.427863,0.492325,0.492325,-0.492325,0.492325,0.34382,-0.426541,0.473797,0.5,-0.5,0.473797,0.330769,-0.5,0.048535,0.473797,-0.5,0.028036,0.442561,-0.473797,0.070274,0.5,-0.492325,0.062025,0.492325,-0.426541,0.473797,0.5,-0.473797,0.070274,0.5,-0.5,0.473797,0.330769,-0.5,0.028036,0.442561,-0.473797,0.5,0.384587,-0.435073,0.5,0.473797,-0.427863,0.492325,0.492325,-0.492325,0.492325,0.34382,-0.492325,0.062025,0.492325,-0.5,0.048535,0.473797],
  "indices" : [19,26,1,13,15,25,2,18,17,21,0,22,0,4,6,1,4,3,2,4,5,1,24,19,3,21,24,18,5,16,16,1,26,2,23,6,6,22,0,7,11,12,19,20,26,13,14,15,0,3,4,1,5,4,2,6,4,1,3,24,3,0,21,18,2,5,16,5,1,2,17,23,6,23,22,15,14,12,12,10,7,7,8,11,8,9,11,11,15,12],
  "normals" : [-1.0,0.0,0.0,-1.0,0.0,0.0,-1.0,0.0,0.0,0.1435,-0.8274,0.543,0.1435,-0.8274,0.543,0.1435,-0.8274,0.543,0.0,0.0,1.0,0.0,0.0,1.0,0.0,0.0,1.0,0.0,1.0,0.0,0.0,1.0,0.0,0.0,1.0,0.0,-0.2817,0.8865,0.3672,-0.2817,0.8865,0.3672,-0.2817,0.8865,0.3672,-0.8865,0.3672,0.2817,-0.8865,0.3672,0.2817,-0.8865,0.3672,0.2817,-0.3672,0.2817,0.8865,-0.3672,0.2817,0.8865,-0.3672,0.2817,0.8865,-0.9239,0.3827,0.0,-0.9239,0.3827,0.0,-0.9239,0.3827,0.0,-0.3827,0.9239,0.0,-0.3827,0.9239,0.0,-0.3827,0.9239,0.0,-0.3827,0.0,0.9239,-0.3827,0.0,0.9239,-0.3827,0.0,0.9239,-0.9239,0.0,0.3827,-0.9239,0.0,0.3827,-0.9239,0.0,0.3827,0.0,0.3827,0.9239,0.0,0.3827,0.9239,0.0,0.3827,0.9239,0.0,0.9239,0.3827,0.0,0.9239,0.3827,0.0,0.9239,0.3827,0.9128,-0.099,-0.3962,0.9128,-0.099,-0.3962,0.9128,-0.099,-0.3962,-1.0,0.0,0.0,-1.0,0.0,0.0,-1.0,0.0,0.0,0.1435,-0.8274,0.543,0.1435,-0.8274,0.543,0.1435,-0.8274,0.543,-0.3672,0.8864,0.2818,-0.3672,0.8864,0.2818,-0.3672,0.8864,0.2818,-0.8864,0.2818,0.3672,-0.8864,0.2818,0.3672,-0.8864,0.2818,0.3672,-0.2818,0.3672,0.8864,-0.2818,0.3672,0.8864,-0.2818,0.3672,0.8864,-0.9239,0.3827,0.0,-0.9239,0.3827,0.0,-0.9239,0.3827,0.0,-0.3827,0.9239,0.0,-0.3827,0.9239,0.0,-0.3827,0.9239,0.0,-0.3827,0.0,0.9239,-0.3827,0.0,0.9239,-0.3827,0.0,0.9239,-0.9239,0.0,0.3827,-0.9239,0.0,0.3827,-0.9239,0.0,0.3827,0.0,0.3827,0.9239,0.0,0.3827,0.9239,0.0,0.3827,0.9239,0.0,0.9239,0.3827,0.0,0.9239,0.3827,0.0,0.9239,0.3827,0.9294,-0.0898,-0.358,0.9294,-0.0898,-0.358,0.9294,-0.0898,-0.358,0.9128,-0.099,-0.3962,0.9128,-0.099,-0.3962,0.9128,-0.099,-0.3962,0.9128,-0.099,-0.3962,0.9128,-0.099,-0.3962,0.9128,-0.099,-0.3962,0.9128,-0.099,-0.3962,0.9128,-0.099,-0.3962,0.9128,-0.099,-0.3962,0.9121,-0.1068,-0.3959,0.9121,-0.1068,-0.3959,0.9121,-0.1068,-0.3959],
  "Ns" : 323.99999,
  "Ka" : [1.00000,1.00000,1.00000],
  "Kd" : [0.80000,0.80000,0.80000],
  "Ks" : [0.50000,0.50000,0.50000],
  "Ni" : 1.45000,
  "d" : 1.00000,
  "illum" : 2
}