{
  "alias" : "Cube_cell.010_Cube_cell.009_Material",
  "vertices" : [0.100144,-0.231859,0.094716,0.263857,-0.255346,0.027962,0.206577,-0.248861,0.018526,0.473797,-0.5,0.473797,0.5,-0.473797,0.473797,0.473797,-0.473797,0.5,0.492325,-0.492325,0.473797,0.488925,-0.488925,0.488925,0.492325,-0.473797,0.492325,0.473797,-0.492325,0.492325,0.01391,-0.5,0.473797,-0.031874,-0.5,0.17979,0.150119,-0.2554,0.5,0.032145,-0.473797,0.5,0.020941,-0.492325,0.492325,-0.04245,-0.5,0.111456,0.169795,-0.21906,0.5,-0.023334,-0.5,0.098668,0.222467,-0.5,-0.06413,0.18646,-0.221094,0.5,0.407254,-0.24972,0.5,0.5,-0.368211,0.034758,0.328444,-0.5,-0.043585,0.5,-0.416276,0.018254,0.473797,-0.5,-0.015216,0.5,-0.473797,-0.001227,0.492325,-0.492325,-0.009,0.473797,-0.28186,0.5,0.5,-0.298673,0.473797,0.492325,-0.29203,0.492325,0.222467,-0.5,-0.06413,0.328444,-0.5,-0.043585,0.01391,-0.5,0.473797,-0.031874,-0.5,0.17979,0.150119,-0.2554,0.5,0.032145,-0.473797,0.5,0.020941,-0.492325,0.492325,0.18646,-0.221094,0.5,0.407254,-0.24972,0.5,0.473797,-0.5,-0.015216,0.5,-0.416276,0.018254,0.5,-0.473797,-0.001227,0.492325,-0.492325,-0.009,0.473797,-0.28186,0.5,0.5,-0.368211,0.034758,0.492325,-0.29203,0.492325,-0.04245,-0.5,0.111456,0.169795,-0.21906,0.5,0.5,-0.298673,0.473797,-0.023334,-0.5,0.098668],
  "indices" : [10,35,34,34,0,33,0,49,46,30,49,2,38,1,37,38,43,28,2,1,44,44,31,2,39,40,41,12,5,20,3,11,22,3,7,9,4,7,6,5,7,8,9,13,14,3,14,32,5,29,27,8,48,29,6,25,4,3,26,6,4,23,21,0,47,37,34,33,10,10,36,35,47,0,34,0,46,33,0,2,49,45,28,43,28,44,1,38,28,1,40,31,44,31,30,2,41,42,39,39,31,40,19,16,12,12,13,5,5,27,20,20,19,12,24,3,22,3,32,11,11,15,17,17,18,11,18,22,11,3,6,7,4,8,7,5,9,7,9,5,13,3,9,14,5,8,29,8,4,48,6,26,25,3,24,26,21,48,4,4,25,23,37,1,0,1,2,0],
  "normals" : [-0.8717,0.4709,0.1357,-0.8717,0.4709,0.1357,-0.8717,0.4709,0.1357,-0.8713,0.4718,0.1348,-0.8713,0.4718,0.1348,-0.8713,0.4718,0.1348,-0.5402,0.2369,-0.8075,-0.5402,0.2369,-0.8075,-0.5402,0.2369,-0.8075,-0.537,0.2329,-0.8108,-0.537,0.2329,-0.8108,-0.537,0.2329,-0.8108,0.1284,0.9904,-0.0508,0.1284,0.9904,-0.0508,0.1284,0.9904,-0.0508,0.4306,0.8914,-0.1414,0.4306,0.8914,-0.1414,0.4306,0.8914,-0.1414,0.1904,0.3429,-0.9199,0.1904,0.3429,-0.9199,0.1904,0.3429,-0.9199,0.1808,0.3179,-0.9307,0.1808,0.3179,-0.9307,0.1808,0.3179,-0.9307,0.1818,0.3154,-0.9314,0.1818,0.3154,-0.9314,0.1818,0.3154,-0.9314,0.0,0.0,1.0,0.0,0.0,1.0,0.0,0.0,1.0,0.0,-1.0,-0.0,0.0,-1.0,-0.0,0.0,-1.0,-0.0,0.2817,-0.8865,0.3672,0.2817,-0.8865,0.3672,0.2817,-0.8865,0.3672,0.8865,-0.3672,0.2817,0.8865,-0.3672,0.2817,0.8865,-0.3672,0.2817,0.3672,-0.2817,0.8865,0.3672,-0.2817,0.8865,0.3672,-0.2817,0.8865,0.0,-0.3827,0.9239,0.0,-0.3827,0.9239,0.0,-0.3827,0.9239,0.0,-0.9239,0.3827,0.0,-0.9239,0.3827,0.0,-0.9239,0.3827,0.3827,0.0,0.9239,0.3827,0.0,0.9239,0.3827,0.0,0.9239,0.9239,0.0,0.3827,0.9239,0.0,0.3827,0.9239,0.0,0.3827,0.9239,-0.3827,0.0,0.9239,-0.3827,0.0,0.9239,-0.3827,0.0,0.3827,-0.9239,0.0,0.3827,-0.9239,0.0,0.3827,-0.9239,0.0,1.0,0.0,0.0,1.0,0.0,0.0,1.0,0.0,0.0,0.121,0.9913,-0.0521,0.121,0.9913,-0.0521,0.121,0.9913,-0.0521,-0.8717,0.4709,0.1357,-0.8717,0.4709,0.1357,-0.8717,0.4709,0.1357,-0.8717,0.4709,0.1357,-0.8717,0.4709,0.1357,-0.8717,0.4709,0.1357,-0.8713,0.4718,0.1348,-0.8713,0.4718,0.1348,-0.8713,0.4718,0.1348,-0.8713,0.4718,0.1348,-0.8713,0.4718,0.1348,-0.8713,0.4718,0.1348,-0.5402,0.2369,-0.8075,-0.5402,0.2369,-0.8075,-0.5402,0.2369,-0.8075,0.4308,0.8913,-0.1411,0.4308,0.8913,-0.1411,0.4308,0.8913,-0.1411,0.4302,0.8916,-0.1412,0.4302,0.8916,-0.1412,0.4302,0.8916,-0.1412,0.4305,0.8914,-0.1414,0.4305,0.8914,-0.1414,0.4305,0.8914,-0.1414,0.1795,0.3195,-0.9304,0.1795,0.3195,-0.9304,0.1795,0.3195,-0.9304,0.1804,0.3178,-0.9308,0.1804,0.3178,-0.9308,0.1804,0.3178,-0.9308,0.1818,0.3154,-0.9314,0.1818,0.3154,-0.9314,0.1818,0.3154,-0.9314,0.1818,0.3154,-0.9314,0.1818,0.3154,-0.9314,0.1818,0.3154,-0.9314,0.0,0.0,1.0,0.0,0.0,1.0,0.0,0.0,1.0,0.0,0.0,1.0,0.0,0.0,1.0,0.0,0.0,1.0,0.0,0.0,1.0,0.0,0.0,1.0,0.0,0.0,1.0,0.0,0.0,1.0,0.0,0.0,1.0,0.0,0.0,1.0,0.0,-1.0,-0.0,0.0,-1.0,-0.0,0.0,-1.0,-0.0,0.0,-1.0,-0.0,0.0,-1.0,-0.0,0.0,-1.0,-0.0,0.0,-1.0,-0.0,0.0,-1.0,-0.0,0.0,-1.0,-0.0,0.0,-1.0,-0.0,0.0,-1.0,-0.0,0.0,-1.0,-0.0,0.0,-1.0,-0.0,0.0,-1.0,-0.0,0.0,-1.0,-0.0,0.3672,-0.8864,0.2818,0.3672,-0.8864,0.2818,0.3672,-0.8864,0.2818,0.8864,-0.2818,0.3672,0.8864,-0.2818,0.3672,0.8864,-0.2818,0.3672,0.2818,-0.3672,0.8864,0.2818,-0.3672,0.8864,0.2818,-0.3672,0.8864,0.0,-0.3827,0.9239,0.0,-0.3827,0.9239,0.0,-0.3827,0.9239,0.0,-0.9239,0.3827,0.0,-0.9239,0.3827,0.0,-0.9239,0.3827,0.3827,0.0,0.9239,0.3827,0.0,0.9239,0.3827,0.0,0.9239,0.9239,0.0,0.3827,0.9239,0.0,0.3827,0.9239,0.0,0.3827,0.9239,-0.3827,0.0,0.9239,-0.3827,0.0,0.9239,-0.3827,0.0,0.3827,-0.9239,0.0,0.3827,-0.9239,0.0,0.3827,-0.9239,0.0,1.0,0.0,0.0,1.0,0.0,0.0,1.0,0.0,0.0,1.0,0.0,0.0,1.0,0.0,0.0,1.0,0.0,0.0,0.121,0.9913,-0.0521,0.121,0.9913,-0.0521,0.121,0.9913,-0.0521,0.1209,0.9913,-0.0524,0.1209,0.9913,-0.0524,0.1209,0.9913,-0.0524],
  "Ns" : 323.99999,
  "Ka" : [1.00000,1.00000,1.00000],
  "Kd" : [0.80000,0.80000,0.80000],
  "Ks" : [0.50000,0.50000,0.50000],
  "Ni" : 1.45000,
  "d" : 1.00000,
  "illum" : 2
}