{
  "alias" : "Cube_cell.007_Cube_cell.006_Material",
  "vertices" : [0.472175,0.467712,-0.034651,-0.011478,0.230991,-0.076598,-0.252328,0.250232,-0.290355,-0.473797,0.5,-0.473797,-0.473797,0.473797,-0.5,-0.5,0.473797,-0.473797,-0.473797,0.492325,-0.492325,-0.488925,0.488925,-0.488925,-0.492325,0.473797,-0.492325,-0.492325,0.492325,-0.473797,-0.492473,0.491969,-0.400905,-0.5,0.473797,-0.416372,-0.5,0.418663,-0.442069,-0.473797,0.5,-0.379886,0.007404,0.5,0.065888,0.048449,0.5,0.10384,-0.034792,0.499478,-0.475056,0.461756,0.5,-0.088897,-0.337788,0.350778,-0.5,-0.113661,0.473797,-0.5,-0.070034,0.492325,-0.492325,-0.5,0.423901,-0.473797,-0.492325,0.422516,-0.492325,-0.352477,0.34282,-0.5,-0.473797,0.413056,-0.5,0.473797,0.5,-0.079459,0.492325,0.492325,-0.054003,0.494616,0.486795,-0.044329,0.49644,0.482392,-0.03657,0.467756,0.5,-0.009843,0.493302,0.489967,-0.029621,0.473797,0.5,-0.012859,-0.492473,0.491969,-0.400905,-0.5,0.473797,-0.416372,0.493302,0.489967,-0.029621,0.473797,0.5,-0.012859,-0.5,0.418663,-0.442069,-0.337788,0.350778,-0.5,-0.113661,0.473797,-0.5,-0.034792,0.499478,-0.475056,-0.070034,0.492325,-0.492325,-0.5,0.423901,-0.473797,-0.492325,0.422516,-0.492325,-0.473797,0.413056,-0.5,0.461756,0.5,-0.088897,0.473797,0.5,-0.079459,0.492325,0.492325,-0.054003,0.494616,0.486795,-0.044329,0.467756,0.5,-0.009843,-0.473797,0.5,-0.379886,-0.352477,0.34282,-0.5,0.49644,0.482392,-0.03657,0.007404,0.5,0.065888,0.048449,0.5,0.10384],
  "indices" : [32,36,2,2,49,32,1,38,39,1,52,2,43,50,36,37,2,50,45,46,47,0,47,51,0,35,48,34,0,51,5,12,11,4,19,18,15,29,17,3,7,9,4,7,6,5,7,8,26,31,30,27,30,28,9,11,10,3,10,13,22,4,24,8,21,5,19,6,20,3,20,6,0,53,1,32,33,36,2,52,49,44,1,39,1,37,38,39,38,40,1,53,52,50,2,36,36,41,43,41,42,43,37,1,2,1,44,47,44,45,47,0,1,47,0,34,35,5,21,12,23,24,18,24,4,18,29,31,25,25,17,29,17,16,14,16,3,13,13,14,16,14,15,17,3,6,7,4,8,7,5,9,7,26,25,31,27,26,30,9,5,11,3,9,10,22,8,4,8,22,21,19,4,6,3,16,20,0,48,53],
  "normals" : [-0.6443,-0.3231,0.6932,-0.6443,-0.3231,0.6932,-0.6443,-0.3231,0.6932,-0.6435,-0.3216,0.6946,-0.6435,-0.3216,0.6946,-0.6435,-0.3216,0.6946,0.4092,-0.7454,-0.5262,0.4092,-0.7454,-0.5262,0.4092,-0.7454,-0.5262,-0.6425,-0.323,0.6949,-0.6425,-0.323,0.6949,-0.6425,-0.323,0.6949,-0.496,-0.8567,-0.1414,-0.496,-0.8567,-0.1414,-0.496,-0.8567,-0.1414,0.4056,-0.7487,-0.5244,0.4056,-0.7487,-0.5244,0.4056,-0.7487,-0.5244,0.4106,-0.7463,-0.5239,0.4106,-0.7463,-0.5239,0.4106,-0.7463,-0.5239,0.4112,-0.7479,-0.5211,0.4112,-0.7479,-0.5211,0.4112,-0.7479,-0.5211,0.3786,-0.5308,0.7582,0.3786,-0.5308,0.7582,0.3786,-0.5308,0.7582,0.3825,-0.5336,0.7543,0.3825,-0.5336,0.7543,0.3825,-0.5336,0.7543,-1.0,-0.0,0.0,-1.0,-0.0,0.0,-1.0,-0.0,0.0,0.0,0.0,-1.0,0.0,0.0,-1.0,0.0,0.0,-1.0,0.0,1.0,0.0,0.0,1.0,0.0,0.0,1.0,0.0,-0.3672,0.8865,-0.2817,-0.3672,0.8865,-0.2817,-0.3672,0.8865,-0.2817,-0.2818,0.3672,-0.8864,-0.2818,0.3672,-0.8864,-0.2818,0.3672,-0.8864,-0.8865,0.2818,-0.3672,-0.8865,0.2818,-0.3672,-0.8865,0.2818,-0.3672,0.4991,0.8642,0.0636,0.4991,0.8642,0.0636,0.4991,0.8642,0.0636,0.9239,0.3827,0.0,0.9239,0.3827,0.0,0.9239,0.3827,0.0,-0.9239,0.3827,0.0,-0.9239,0.3827,0.0,-0.9239,0.3827,0.0,-0.3951,0.9187,0.0,-0.3951,0.9187,0.0,-0.3951,0.9187,0.0,-0.3827,0.0,-0.9239,-0.3827,0.0,-0.9239,-0.3827,0.0,-0.9239,-0.9239,0.0,-0.3827,-0.9239,0.0,-0.3827,-0.9239,0.0,-0.3827,0.0,0.3827,-0.9239,0.0,0.3827,-0.9239,0.0,0.3827,-0.9239,0.0,0.9239,-0.3827,0.0,0.9239,-0.3827,0.0,0.9239,-0.3827,0.2138,-0.5766,0.7886,0.2138,-0.5766,0.7886,0.2138,-0.5766,0.7886,-0.6443,-0.3231,0.6932,-0.6443,-0.3231,0.6932,-0.6443,-0.3231,0.6932,-0.6435,-0.3216,0.6946,-0.6435,-0.3216,0.6946,-0.6435,-0.3216,0.6946,0.4099,-0.7451,-0.5261,0.4099,-0.7451,-0.5261,0.4099,-0.7451,-0.5261,0.4092,-0.7454,-0.5262,0.4092,-0.7454,-0.5262,0.4092,-0.7454,-0.5262,0.4092,-0.7454,-0.5262,0.4092,-0.7454,-0.5262,0.4092,-0.7454,-0.5262,-0.6425,-0.323,0.6949,-0.6425,-0.323,0.6949,-0.6425,-0.323,0.6949,-0.496,-0.8567,-0.1414,-0.496,-0.8567,-0.1414,-0.496,-0.8567,-0.1414,-0.496,-0.8567,-0.1414,-0.496,-0.8567,-0.1414,-0.496,-0.8567,-0.1414,-0.496,-0.8567,-0.1414,-0.496,-0.8567,-0.1414,-0.496,-0.8567,-0.1414,0.4056,-0.7487,-0.5244,0.4056,-0.7487,-0.5244,0.4056,-0.7487,-0.5244,0.4106,-0.7463,-0.5239,0.4106,-0.7463,-0.5239,0.4106,-0.7463,-0.5239,0.4106,-0.7463,-0.5239,0.4106,-0.7463,-0.5239,0.4106,-0.7463,-0.5239,0.4112,-0.7479,-0.5211,0.4112,-0.7479,-0.5211,0.4112,-0.7479,-0.5211,0.3786,-0.5308,0.7582,0.3786,-0.5308,0.7582,0.3786,-0.5308,0.7582,-1.0,-0.0,0.0,-1.0,-0.0,0.0,-1.0,-0.0,0.0,0.0,0.0,-1.0,0.0,0.0,-1.0,0.0,0.0,-1.0,0.0,0.0,-1.0,0.0,0.0,-1.0,0.0,0.0,-1.0,0.0,1.0,0.0,0.0,1.0,0.0,0.0,1.0,0.0,0.0,1.0,0.0,0.0,1.0,0.0,0.0,1.0,0.0,-0.0003,1.0,-0.0009,-0.0003,1.0,-0.0009,-0.0003,1.0,-0.0009,0.0012,1.0,0.0,0.0012,1.0,0.0,0.0012,1.0,0.0,0.001,1.0,-0.001,0.001,1.0,-0.001,0.001,1.0,-0.001,0.0,1.0,0.0,0.0,1.0,0.0,0.0,1.0,0.0,-0.2817,0.8865,-0.3672,-0.2817,0.8865,-0.3672,-0.2817,0.8865,-0.3672,-0.3672,0.2817,-0.8864,-0.3672,0.2817,-0.8864,-0.3672,0.2817,-0.8864,-0.8865,0.3672,-0.2818,-0.8865,0.3672,-0.2818,-0.8865,0.3672,-0.2818,0.3827,0.9239,0.0,0.3827,0.9239,0.0,0.3827,0.9239,0.0,0.9239,0.3827,0.0,0.9239,0.3827,0.0,0.9239,0.3827,0.0,-0.9239,0.3827,0.0,-0.9239,0.3827,0.0,-0.9239,0.3827,0.0,-0.3827,0.9239,0.0037,-0.3827,0.9239,0.0037,-0.3827,0.9239,0.0037,-0.3827,0.0,-0.9239,-0.3827,0.0,-0.9239,-0.3827,0.0,-0.9239,-0.9239,0.0,-0.3827,-0.9239,0.0,-0.3827,-0.9239,0.0,-0.3827,0.0,0.3827,-0.9239,0.0,0.3827,-0.9239,0.0,0.3827,-0.9239,0.0,0.9239,-0.3827,0.0,0.9239,-0.3827,0.0,0.9239,-0.3827,0.2138,-0.5766,0.7885,0.2138,-0.5766,0.7885,0.2138,-0.5766,0.7885],
  "Ns" : 323.99999,
  "Ka" : [1.00000,1.00000,1.00000],
  "Kd" : [0.80000,0.80000,0.80000],
  "Ks" : [0.50000,0.50000,0.50000],
  "Ni" : 1.45000,
  "d" : 1.00000,
  "illum" : 2
}