{
  "alias" : "Cube_cell.008_Cube_cell.007_Material",
  "vertices" : [0.095772,-0.034688,-0.439018,0.167951,-0.022,-0.5,0.167584,-0.318683,-0.5,0.052762,-0.004726,-0.5,0.103914,-0.318924,-0.5,0.144781,-0.49663,-0.481933,0.137453,-0.492325,-0.492325,0.129505,-0.473797,-0.5,0.157326,-0.492325,-0.492325,0.16668,-0.473797,-0.5,0.144781,-0.49663,-0.481933,0.137453,-0.492325,-0.492325,0.129505,-0.473797,-0.5,0.157326,-0.492325,-0.492325,0.167951,-0.022,-0.5,0.167584,-0.318683,-0.5,0.103914,-0.318924,-0.5,0.052762,-0.004726,-0.5,0.16668,-0.473797,-0.5],
  "indices" : [0,15,14,0,14,17,0,17,16,10,16,12,10,13,9,4,2,7,8,7,18,6,8,5,12,11,10,10,0,16,9,15,10,15,0,10,4,3,1,1,2,4,2,18,7,8,6,7],
  "normals" : [0.6455,-0.0008,0.7638,0.6455,-0.0008,0.7638,0.6455,-0.0008,0.7638,0.1386,0.924,0.3563,0.1386,0.924,0.3563,0.1386,0.924,0.3563,-0.8399,-0.1367,0.5252,-0.8399,-0.1367,0.5252,-0.8399,-0.1367,0.5252,-0.8355,-0.1381,0.5319,-0.8355,-0.1381,0.5319,-0.8355,-0.1381,0.5319,0.6387,-0.0037,0.7694,0.6387,-0.0037,0.7694,0.6387,-0.0037,0.7694,0.0,0.0,-1.0,0.0,0.0,-1.0,0.0,0.0,-1.0,0.0,-0.3827,-0.9239,0.0,-0.3827,-0.9239,0.0,-0.3827,-0.9239,0.0,-0.9239,-0.3827,0.0,-0.9239,-0.3827,0.0,-0.9239,-0.3827,-0.8355,-0.1381,0.5319,-0.8355,-0.1381,0.5319,-0.8355,-0.1381,0.5319,-0.8355,-0.1381,0.5319,-0.8355,-0.1381,0.5319,-0.8355,-0.1381,0.5319,0.6387,-0.0037,0.7694,0.6387,-0.0037,0.7694,0.6387,-0.0037,0.7694,0.6387,-0.0037,0.7694,0.6387,-0.0037,0.7694,0.6387,-0.0037,0.7694,0.0,0.0,-1.0,0.0,0.0,-1.0,0.0,0.0,-1.0,0.0,0.0,-1.0,0.0,0.0,-1.0,0.0,0.0,-1.0,0.0,0.0,-1.0,0.0,0.0,-1.0,0.0,0.0,-1.0,0.0,-0.3827,-0.9239,0.0,-0.3827,-0.9239,0.0,-0.3827,-0.9239],
  "Ns" : 323.99999,
  "Ka" : [1.00000,1.00000,1.00000],
  "Kd" : [0.80000,0.80000,0.80000],
  "Ks" : [0.50000,0.50000,0.50000],
  "Ni" : 1.45000,
  "d" : 1.00000,
  "illum" : 2
}