{
  "alias" : "Cube_cell.003_Cube_cell.002_Material",
  "vertices" : [-0.102115,0.046279,-0.092715,0.005378,-0.125164,0.060417,-0.040472,-0.063428,0.083112,-0.043572,-0.010958,-0.022986,-0.5,0.316849,-0.328486,-0.473797,-0.5,0.260189,-0.5,-0.473797,0.273104,-0.492325,-0.492325,0.268854,-0.115071,-0.5,0.098769,-0.5,0.006505,0.293726,-0.5,0.32337,-0.341886,-0.337378,-0.5,-0.087481,-0.473797,-0.5,-0.15242,-0.5,-0.473797,-0.170523,-0.492325,-0.492325,-0.162887,-0.329607,-0.5,-0.081019,-0.5,0.316849,-0.328486,-0.5,0.006505,0.293726,-0.5,-0.473797,0.273104,-0.492325,-0.492325,0.268854,-0.473797,-0.5,-0.15242,-0.492325,-0.492325,-0.162887,-0.5,-0.473797,-0.170523,-0.115071,-0.5,0.098769,-0.329607,-0.5,-0.081019,-0.5,0.32337,-0.341886,-0.337378,-0.5,-0.087481,-0.473797,-0.5,0.260189],
  "indices" : [2,16,17,2,17,1,3,0,2,0,16,2,1,3,2,18,19,5,0,26,13,0,24,26,15,27,11,4,10,22,14,6,22,7,20,27,1,24,3,0,25,16,5,23,18,23,1,17,18,23,17,26,12,13,12,21,13,13,25,0,0,3,24,8,27,15,27,20,11,6,9,22,9,4,22,14,7,6,7,14,20,1,23,24],
  "normals" : [0.3225,0.847,0.4225,0.3225,0.847,0.4225,0.3225,0.847,0.4225,0.413,-0.0279,0.9103,0.413,-0.0279,0.9103,0.413,-0.0279,0.9103,0.3409,0.8466,0.4087,0.3409,0.8466,0.4087,0.3409,0.8466,0.4087,0.3322,0.8481,0.4127,0.3322,0.8481,0.4127,0.3322,0.8481,0.4127,0.8197,0.5226,0.2345,0.8197,0.5226,0.2345,0.8197,0.5226,0.2345,0.41,-0.0392,0.9113,0.41,-0.0392,0.9113,0.41,-0.0392,0.9113,0.422,-0.1902,-0.8864,0.422,-0.1902,-0.8864,0.422,-0.1902,-0.8864,0.6153,-0.2721,-0.7399,0.6153,-0.2721,-0.7399,0.6153,-0.2721,-0.7399,0.0,-1.0,0.0,0.0,-1.0,0.0,0.0,-1.0,0.0,-1.0,0.0,0.0,-1.0,0.0,0.0,-1.0,0.0,0.0,-0.9239,-0.3827,0.0,-0.9239,-0.3827,0.0,-0.9239,-0.3827,0.0,-0.3827,-0.9239,0.0,-0.3827,-0.9239,0.0,-0.3827,-0.9239,0.0,0.6176,-0.2737,-0.7373,0.6176,-0.2737,-0.7373,0.6176,-0.2737,-0.7373,0.3322,0.8481,0.4127,0.3322,0.8481,0.4127,0.3322,0.8481,0.4127,0.41,-0.0391,0.9112,0.41,-0.0391,0.9112,0.41,-0.0391,0.9112,0.4105,-0.0387,0.911,0.4105,-0.0387,0.911,0.4105,-0.0387,0.911,0.41,-0.0391,0.9112,0.41,-0.0391,0.9112,0.41,-0.0391,0.9112,0.422,-0.1904,-0.8864,0.422,-0.1904,-0.8864,0.422,-0.1904,-0.8864,0.4218,-0.1906,-0.8864,0.4218,-0.1906,-0.8864,0.4218,-0.1906,-0.8864,0.4223,-0.1905,-0.8862,0.4223,-0.1905,-0.8862,0.4223,-0.1905,-0.8862,0.6153,-0.2721,-0.7399,0.6153,-0.2721,-0.7399,0.6153,-0.2721,-0.7399,0.0,-1.0,0.0,0.0,-1.0,0.0,0.0,-1.0,0.0,0.0,-1.0,0.0,0.0,-1.0,0.0,0.0,-1.0,0.0,-1.0,0.0,0.0,-1.0,0.0,0.0,-1.0,0.0,0.0,-1.0,0.0,0.0,-1.0,0.0,0.0,-1.0,0.0,0.0,-0.9239,-0.3827,0.0,-0.9239,-0.3827,0.0,-0.9239,-0.3827,0.0,-0.3827,-0.9239,0.0,-0.3827,-0.9239,0.0,-0.3827,-0.9239,0.0,0.6177,-0.2739,-0.7371,0.6177,-0.2739,-0.7371,0.6177,-0.2739,-0.7371],
  "Ns" : 323.99999,
  "Ka" : [1.00000,1.00000,1.00000],
  "Kd" : [0.80000,0.80000,0.80000],
  "Ks" : [0.50000,0.50000,0.50000],
  "Ni" : 1.45000,
  "d" : 1.00000,
  "illum" : 2
}