{
  "alias" : "Cube_cell_Cube_cell.015_Material",
  "vertices" : [0.473227,0.466049,-0.034092,0.5,0.363199,-0.031268,0.5,0.473797,0.148595,0.473797,0.5,0.024909,0.492325,0.492325,0.130019,0.5,0.39199,-0.048537,0.5,0.349008,-0.054431,0.5,0.473797,-0.037214,0.49727,0.480388,-0.035874,0.493879,0.488574,-0.028571,0.492325,0.492325,-0.025139,0.473797,0.5,-0.010397,0.468657,0.5,-0.007811,0.5,0.363199,-0.031268,0.5,0.473797,0.148595,0.492325,0.492325,0.130019,0.5,0.39199,-0.048537,0.5,0.349008,-0.054431,0.5,0.473797,-0.037214,0.49727,0.480388,-0.035874,0.493879,0.488574,-0.028571,0.492325,0.492325,-0.025139,0.473797,0.5,-0.010397,0.473797,0.5,0.024909,0.468657,0.5,-0.007811],
  "indices" : [16,17,0,0,18,16,19,0,20,0,24,22,12,23,11,23,10,11,10,7,9,13,5,7,2,4,3,0,19,18,22,21,0,21,20,0,23,15,10,10,15,7,15,14,7,7,8,9,7,14,13,13,6,5,24,0,3,0,17,1,3,0,1,1,2,3],
  "normals" : [-0.1568,0.1342,-0.9785,-0.1568,0.1342,-0.9785,-0.1568,0.1342,-0.9785,-0.1534,0.1355,-0.9788,-0.1534,0.1355,-0.9788,-0.1534,0.1355,-0.9788,-0.3714,0.5277,-0.7639,-0.3714,0.5277,-0.7639,-0.3714,0.5277,-0.7639,-0.3801,0.5336,-0.7555,-0.3801,0.5336,-0.7555,-0.3801,0.5336,-0.7555,0.0,1.0,0.0,0.0,1.0,0.0,0.0,1.0,0.0,0.3827,0.9239,0.0,0.3827,0.9239,0.0,0.3827,0.9239,0.0,0.9239,0.3827,0.0,0.9239,0.3827,0.0,0.9239,0.3827,0.0,1.0,0.0,0.0,1.0,0.0,0.0,1.0,0.0,0.0,-0.9576,-0.2454,0.1509,-0.9576,-0.2454,0.1509,-0.9576,-0.2454,0.1509,-0.1534,0.1355,-0.9788,-0.1534,0.1355,-0.9788,-0.1534,0.1355,-0.9788,-0.3801,0.5336,-0.7555,-0.3801,0.5336,-0.7555,-0.3801,0.5336,-0.7555,-0.3801,0.5336,-0.7555,-0.3801,0.5336,-0.7555,-0.3801,0.5336,-0.7555,0.3827,0.9239,0.0,0.3827,0.9239,0.0,0.3827,0.9239,0.0,0.9239,0.3827,0.0,0.9239,0.3827,0.0,0.9239,0.3827,0.0,0.9239,0.3827,0.0,0.9239,0.3827,0.0,0.9239,0.3827,0.0,0.9239,0.3827,0.0,0.9239,0.3827,0.0,0.9239,0.3827,0.0,1.0,0.0,0.0,1.0,0.0,0.0,1.0,0.0,0.0,1.0,0.0,0.0,1.0,0.0,0.0,1.0,0.0,0.0,-0.9577,-0.2453,0.1504,-0.9577,-0.2453,0.1504,-0.9577,-0.2453,0.1504,-0.9578,-0.2452,0.1502,-0.9578,-0.2452,0.1502,-0.9578,-0.2452,0.1502,-0.9577,-0.2452,0.1503,-0.9577,-0.2452,0.1503,-0.9577,-0.2452,0.1503,-0.9576,-0.2454,0.1509,-0.9576,-0.2454,0.1509,-0.9576,-0.2454,0.1509],
  "Ns" : 323.99999,
  "Ka" : [1.00000,1.00000,1.00000],
  "Kd" : [0.80000,0.80000,0.80000],
  "Ks" : [0.50000,0.50000,0.50000],
  "Ni" : 1.45000,
  "d" : 1.00000,
  "illum" : 2
}