{
  "alias" : "Cube_cell.013_Cube_cell.012_Material",
  "vertices" : [-0.00158,-0.034204,0.404277,-0.039737,-0.064349,0.085923,0.00669,-0.12703,0.061894,0.098233,-0.230736,0.094796,-0.473797,-0.473797,0.5,-0.5,-0.473797,0.473797,-0.473797,-0.5,0.473797,-0.492325,-0.473797,0.492325,-0.488925,-0.488925,0.488925,-0.492325,-0.492325,0.473797,-0.473797,-0.492325,0.492325,-0.061616,-0.5,0.108667,-0.044201,-0.5,0.111801,-0.033431,-0.5,0.180661,0.168152,-0.218591,0.5,0.148446,-0.255162,0.5,0.01181,-0.5,0.473797,0.030045,-0.473797,0.5,0.018826,-0.492325,0.492325,-0.113327,-0.5,0.099465,-0.166036,-0.5,0.123158,-0.5,0.005505,0.295475,-0.5,-0.048576,0.2931,0.101693,-0.137309,0.5,0.148935,-0.195028,0.5,-0.473797,-0.5,0.261949,-0.5,-0.473797,0.274888,-0.492325,-0.492325,0.270634,-0.5,0.011282,0.303166,-0.5,0.026646,0.439365,-0.14592,-0.090553,0.5,-0.5,-0.000911,0.473797,-0.5,0.024916,0.444335,-0.473797,-0.028815,0.5,-0.492325,-0.018598,0.492325,-0.044201,-0.5,0.111801,-0.033431,-0.5,0.180661,0.168152,-0.218591,0.5,0.148446,-0.255162,0.5,0.01181,-0.5,0.473797,0.030045,-0.473797,0.5,0.018826,-0.492325,0.492325,-0.113327,-0.5,0.099465,-0.166036,-0.5,0.123158,-0.473797,-0.5,0.261949,-0.5,-0.048576,0.2931,-0.5,-0.473797,0.274888,0.101693,-0.137309,0.5,-0.14592,-0.090553,0.5,-0.473797,-0.028815,0.5,-0.5,0.005505,0.295475,0.148935,-0.195028,0.5,-0.492325,-0.492325,0.270634,-0.5,0.011282,0.303166,-0.5,0.026646,0.439365,-0.061616,-0.5,0.108667,-0.5,-0.000911,0.473797,-0.5,0.024916,0.444335,-0.492325,-0.018598,0.492325],
  "indices" : [3,55,2,3,38,36,39,38,40,2,55,42,45,2,43,50,1,2,1,3,2,3,51,37,44,46,43,50,53,1,1,54,57,57,0,1,0,48,47,31,49,57,23,30,15,6,25,20,56,29,22,4,8,10,5,8,7,6,8,9,4,18,17,10,16,18,9,26,27,6,27,25,7,33,34,5,34,56,47,51,3,3,35,55,36,35,3,3,37,38,40,41,39,39,36,38,50,2,45,2,42,43,52,46,44,46,45,43,1,53,54,0,57,48,58,49,31,49,48,57,30,33,4,4,17,30,17,15,30,15,14,24,24,23,15,20,19,13,19,11,13,11,12,13,13,16,20,16,6,20,56,32,29,29,28,22,28,21,22,22,26,5,56,22,5,4,7,8,5,9,8,6,10,8,4,10,18,10,6,16,9,5,26,6,9,27,7,4,33,5,7,34,1,0,3,0,47,3],
  "normals" : [0.175,-0.154,-0.9724,0.175,-0.154,-0.9724,0.175,-0.154,-0.9724,0.8721,-0.4699,-0.1364,0.8721,-0.4699,-0.1364,0.8721,-0.4699,-0.1364,0.8713,-0.4719,-0.1345,0.8713,-0.4719,-0.1345,0.8713,-0.4719,-0.1345,0.1731,-0.1537,-0.9728,0.1731,-0.1537,-0.9728,0.1731,-0.1537,-0.9728,-0.4097,0.04,-0.9114,-0.4097,0.04,-0.9114,-0.4097,0.04,-0.9114,-0.4079,0.0474,-0.9118,-0.4079,0.0474,-0.9118,-0.4079,0.0474,-0.9118,0.7645,0.6257,-0.155,0.7645,0.6257,-0.155,0.7645,0.6257,-0.155,0.7661,0.6248,-0.1509,0.7661,0.6248,-0.1509,0.7661,0.6248,-0.1509,-0.4108,0.039,-0.9109,-0.4108,0.039,-0.9109,-0.4108,0.039,-0.9109,-0.1504,0.7905,-0.5938,-0.1504,0.7905,-0.5938,-0.1504,0.7905,-0.5938,0.4021,0.8647,0.301,0.4021,0.8647,0.301,0.4021,0.8647,0.301,0.1087,0.9883,-0.1066,0.1087,0.9883,-0.1066,0.1087,0.9883,-0.1066,0.1408,0.7457,0.6513,0.1408,0.7457,0.6513,0.1408,0.7457,0.6513,0.1402,0.7446,0.6527,0.1402,0.7446,0.6527,0.1402,0.7446,0.6527,0.0,0.0,1.0,0.0,0.0,1.0,0.0,0.0,1.0,0.0,-1.0,0.0,0.0,-1.0,0.0,0.0,-1.0,0.0,-1.0,0.0,0.0,-1.0,0.0,0.0,-1.0,0.0,0.0,-0.2818,-0.3672,0.8864,-0.2818,-0.3672,0.8864,-0.2818,-0.3672,0.8864,-0.8864,-0.2818,0.3672,-0.8864,-0.2818,0.3672,-0.8864,-0.2818,0.3672,-0.3672,-0.8864,0.2818,-0.3672,-0.8864,0.2818,-0.3672,-0.8864,0.2818,0.0,-0.3827,0.9239,0.0,-0.3827,0.9239,0.0,-0.3827,0.9239,0.0,-0.9239,0.3827,0.0,-0.9239,0.3827,0.0,-0.9239,0.3827,-0.9239,-0.3827,0.0,-0.9239,-0.3827,0.0,-0.9239,-0.3827,0.0,-0.3827,-0.9239,0.0,-0.3827,-0.9239,0.0,-0.3827,-0.9239,0.0,-0.3827,0.0,0.9239,-0.3827,0.0,0.9239,-0.3827,0.0,0.9239,-0.9239,0.0,0.3827,-0.9239,0.0,0.3827,-0.9239,0.0,0.3827,0.765,0.6261,-0.1509,0.765,0.6261,-0.1509,0.765,0.6261,-0.1509,0.175,-0.154,-0.9724,0.175,-0.154,-0.9724,0.175,-0.154,-0.9724,0.8721,-0.4699,-0.1364,0.8721,-0.4699,-0.1364,0.8721,-0.4699,-0.1364,0.8721,-0.4699,-0.1364,0.8721,-0.4699,-0.1364,0.8721,-0.4699,-0.1364,0.8713,-0.4719,-0.1345,0.8713,-0.4719,-0.1345,0.8713,-0.4719,-0.1345,0.8713,-0.4719,-0.1345,0.8713,-0.4719,-0.1345,0.8713,-0.4719,-0.1345,-0.4097,0.04,-0.9114,-0.4097,0.04,-0.9114,-0.4097,0.04,-0.9114,-0.4097,0.04,-0.9114,-0.4097,0.04,-0.9114,-0.4097,0.04,-0.9114,-0.4108,0.039,-0.9109,-0.4108,0.039,-0.9109,-0.4108,0.039,-0.9109,-0.4108,0.039,-0.9109,-0.4108,0.039,-0.9109,-0.4108,0.039,-0.9109,0.1097,0.9877,-0.1114,0.1097,0.9877,-0.1114,0.1097,0.9877,-0.1114,0.1408,0.7457,0.6513,0.1408,0.7457,0.6513,0.1408,0.7457,0.6513,0.1402,0.7446,0.6527,0.1402,0.7446,0.6527,0.1402,0.7446,0.6527,0.1402,0.7445,0.6527,0.1402,0.7445,0.6527,0.1402,0.7445,0.6527,0.0,0.0,1.0,0.0,0.0,1.0,0.0,0.0,1.0,0.0,0.0,1.0,0.0,0.0,1.0,0.0,0.0,1.0,0.0,0.0,1.0,0.0,0.0,1.0,0.0,0.0,1.0,0.0,0.0,1.0,0.0,0.0,1.0,0.0,0.0,1.0,0.0,0.0,1.0,0.0,0.0,1.0,0.0,0.0,1.0,0.0,-1.0,0.0,0.0,-1.0,0.0,0.0,-1.0,0.0,0.0,-1.0,0.0,0.0,-1.0,0.0,0.0,-1.0,0.0,0.0,-1.0,0.0,0.0,-1.0,0.0,0.0,-1.0,0.0,0.0,-1.0,0.0,0.0,-1.0,0.0,0.0,-1.0,0.0,0.0,-1.0,0.0,0.0,-1.0,0.0,0.0,-1.0,0.0,-1.0,0.0,0.0,-1.0,0.0,0.0,-1.0,0.0,0.0,-1.0,0.0,0.0,-1.0,0.0,0.0,-1.0,0.0,0.0,-1.0,0.0,0.0,-1.0,0.0,0.0,-1.0,0.0,0.0,-1.0,0.0,0.0,-1.0,0.0,0.0,-1.0,0.0,0.0,-1.0,0.0,0.0,-1.0,0.0,0.0,-1.0,0.0,0.0,-0.3672,-0.2817,0.8865,-0.3672,-0.2817,0.8865,-0.3672,-0.2817,0.8865,-0.8865,-0.3672,0.2817,-0.8865,-0.3672,0.2817,-0.8865,-0.3672,0.2817,-0.2817,-0.8865,0.3672,-0.2817,-0.8865,0.3672,-0.2817,-0.8865,0.3672,0.0,-0.3827,0.9239,0.0,-0.3827,0.9239,0.0,-0.3827,0.9239,0.0,-0.9239,0.3827,0.0,-0.9239,0.3827,0.0,-0.9239,0.3827,-0.9239,-0.3827,0.0,-0.9239,-0.3827,0.0,-0.9239,-0.3827,0.0,-0.3827,-0.9239,0.0,-0.3827,-0.9239,0.0,-0.3827,-0.9239,0.0,-0.3827,0.0,0.9239,-0.3827,0.0,0.9239,-0.3827,0.0,0.9239,-0.9239,0.0,0.3827,-0.9239,0.0,0.3827,-0.9239,0.0,0.3827,0.7649,0.6262,-0.151,0.7649,0.6262,-0.151,0.7649,0.6262,-0.151,0.765,0.6261,-0.1509,0.765,0.6261,-0.1509,0.765,0.6261,-0.1509],
  "Ns" : 323.99999,
  "Ka" : [1.00000,1.00000,1.00000],
  "Kd" : [0.80000,0.80000,0.80000],
  "Ks" : [0.50000,0.50000,0.50000],
  "Ni" : 1.45000,
  "d" : 1.00000,
  "illum" : 2
}