{
  "alias" : "Cube_cell.014_Cube_cell.013_Material",
  "vertices" : [0.5,0.473797,-0.473797,0.473797,0.473797,-0.5,0.473797,0.5,-0.473797,0.492325,0.473797,-0.492325,0.488925,0.488925,-0.488925,0.473797,0.492325,-0.492325,0.492325,0.492325,-0.473797,0.472193,0.465578,-0.035837,-0.011935,0.229253,-0.076976,-0.249125,0.247409,-0.288961,0.331853,-0.065578,-0.128708,0.158239,-0.073941,-0.130738,-0.040263,0.063173,-0.105917,0.096637,-0.03267,-0.437531,-0.081007,0.092223,-0.142856,-0.077459,0.087118,-0.5,-0.002972,0.035751,-0.5,-0.082006,0.09039,-0.5,0.5,0.192328,-0.083541,0.5,0.22406,-0.077973,0.5,0.343976,-0.057055,0.051905,-0.001845,-0.5,-0.113949,0.120091,-0.5,-0.351023,0.341177,-0.5,0.169903,-0.019878,-0.5,0.240963,-0.01627,-0.5,0.473797,-0.00352,-0.5,0.5,-0.005916,-0.473797,0.5,-0.008832,-0.453856,0.492325,-0.003628,-0.492325,0.5,-0.04674,-0.193676,0.5,0.178433,-0.089489,-0.336796,0.3492,-0.5,0.5,0.389569,-0.050719,0.5,0.473797,-0.03923,0.497214,0.480522,-0.03786,0.493676,0.489065,-0.052387,0.461719,0.5,-0.092607,0.473797,0.5,-0.083248,0.492325,0.492325,-0.058042,-0.273558,0.383877,-0.5,0.300972,0.5,-0.217699,-0.027776,0.5,-0.473797,-0.109283,0.473797,-0.5,-0.065582,0.492325,-0.492325,0.473797,0.5,-0.083248,0.492325,0.492325,-0.058042,-0.082006,0.09039,-0.5,-0.113949,0.120091,-0.5,0.5,0.22406,-0.077973,0.5,0.343976,-0.057055,-0.077459,0.087118,-0.5,0.5,0.192328,-0.083541,-0.002972,0.035751,-0.5,0.051905,-0.001845,-0.5,0.240963,-0.01627,-0.5,0.473797,-0.00352,-0.5,0.5,-0.005916,-0.473797,0.5,-0.008832,-0.453856,0.492325,-0.003628,-0.492325,0.5,-0.04674,-0.193676,0.5,0.178433,-0.089489,0.5,0.389569,-0.050719,0.5,0.473797,-0.03923,0.497214,0.480522,-0.03786,0.493676,0.489065,-0.052387,0.461719,0.5,-0.092607,-0.336796,0.3492,-0.5,-0.273558,0.383877,-0.5,0.300972,0.5,-0.217699,-0.027776,0.5,-0.473797,-0.109283,0.473797,-0.5,-0.065582,0.492325,-0.492325,0.169903,-0.019878,-0.5,-0.351023,0.341177,-0.5],
  "indices" : [13,10,11,10,12,11,9,14,12,51,14,47,12,52,19,12,51,53,8,9,12,54,13,53,14,48,47,9,74,48,13,54,73,13,55,10,55,56,58,10,58,60,61,10,60,61,52,10,9,67,74,62,7,20,7,63,64,65,7,64,45,7,46,8,66,69,68,69,70,25,24,1,2,41,37,0,4,6,1,4,3,2,4,5,6,38,39,39,36,34,44,1,43,5,42,2,26,3,29,0,29,3,0,49,31,8,19,20,51,12,14,12,10,52,53,13,12,13,11,12,14,9,48,13,73,55,59,27,56,27,58,56,58,10,55,9,8,67,7,62,63,45,66,7,66,8,7,7,65,46,69,68,8,68,67,8,72,71,70,71,68,70,24,21,16,16,15,43,15,17,22,43,15,22,22,23,32,40,22,32,40,43,22,43,1,24,16,43,24,1,26,25,37,38,2,2,42,41,0,3,4,1,5,4,2,6,4,6,2,38,36,35,34,34,0,39,0,6,39,44,5,1,5,44,42,26,1,3,0,57,29,31,30,28,28,57,0,0,34,33,33,50,0,50,49,0,49,18,31,31,28,0,20,7,8,8,12,19],
  "normals" : [0.0493,-0.9885,-0.1429,0.0493,-0.9885,-0.1429,0.0493,-0.9885,-0.1429,-0.0027,-0.182,0.9833,-0.0027,-0.182,0.9833,-0.0027,-0.182,0.9833,-0.7134,-0.1233,0.6899,-0.7134,-0.1233,0.6899,-0.7134,-0.1233,0.6899,-0.584,-0.8117,0.0058,-0.584,-0.8117,0.0058,-0.584,-0.8117,0.0058,0.0005,-0.1728,0.985,0.0005,-0.1728,0.985,0.0005,-0.1728,0.985,-0.5677,-0.8232,0.0036,-0.5677,-0.8232,0.0036,-0.5677,-0.8232,0.0036,-0.667,-0.016,0.7449,-0.667,-0.016,0.7449,-0.667,-0.016,0.7449,-0.5652,-0.825,-0.0024,-0.5652,-0.825,-0.0024,-0.5652,-0.825,-0.0024,-0.6809,-0.7323,0.0057,-0.6809,-0.7323,0.0057,-0.6809,-0.7323,0.0057,-0.682,-0.7313,0.0044,-0.682,-0.7313,0.0044,-0.682,-0.7313,0.0044,-0.1412,-0.9242,-0.3549,-0.1412,-0.9242,-0.3549,-0.1412,-0.9242,-0.3549,0.0502,-0.9884,-0.1435,0.0502,-0.9884,-0.1435,0.0502,-0.9884,-0.1435,0.0541,-0.988,-0.1445,0.0541,-0.988,-0.1445,0.0541,-0.988,-0.1445,0.0551,-0.988,-0.144,0.0551,-0.988,-0.144,0.0551,-0.988,-0.144,0.3696,-0.3902,0.8433,0.3696,-0.3902,0.8433,0.3696,-0.3902,0.8433,0.336,-0.3707,0.8659,0.336,-0.3707,0.8659,0.336,-0.3707,0.8659,-0.4167,0.7389,0.5295,-0.4167,0.7389,0.5295,-0.4167,0.7389,0.5295,0.152,-0.1361,0.979,0.152,-0.1361,0.979,0.152,-0.1361,0.979,0.1588,-0.1334,0.9783,0.1588,-0.1334,0.9783,0.1588,-0.1334,0.9783,-0.4009,0.7437,0.535,-0.4009,0.7437,0.535,-0.4009,0.7437,0.535,-0.4085,0.7451,0.5272,-0.4085,0.7451,0.5272,-0.4085,0.7451,0.5272,-0.409,0.7459,0.5256,-0.409,0.7459,0.5256,-0.409,0.7459,0.5256,-0.4087,0.7467,0.5247,-0.4087,0.7467,0.5247,-0.4087,0.7467,0.5247,0.0,0.0,-1.0,0.0,0.0,-1.0,0.0,0.0,-1.0,0.0,1.0,0.0,0.0,1.0,0.0,0.0,1.0,0.0,0.8865,0.3672,-0.2817,0.8865,0.3672,-0.2817,0.8865,0.3672,-0.2817,0.3672,0.2817,-0.8865,0.3672,0.2817,-0.8865,0.3672,0.2817,-0.8865,0.2817,0.8865,-0.3672,0.2817,0.8865,-0.3672,0.2817,0.8865,-0.3672,0.3827,0.9239,0.0,0.3827,0.9239,0.0,0.3827,0.9239,0.0,0.9239,0.3827,-0.0,0.9239,0.3827,-0.0,0.9239,0.3827,-0.0,0.0,0.3827,-0.9239,0.0,0.3827,-0.9239,0.0,0.3827,-0.9239,0.0,0.9239,-0.3827,0.0,0.9239,-0.3827,0.0,0.9239,-0.3827,0.3827,0.0,-0.9239,0.3827,0.0,-0.9239,0.3827,0.0,-0.9239,0.9239,0.0,-0.3827,0.9239,0.0,-0.3827,0.9239,0.0,-0.3827,1.0,0.0,0.0,1.0,0.0,0.0,1.0,0.0,0.0,0.0002,-0.1718,0.9851,0.0002,-0.1718,0.9851,0.0002,-0.1718,0.9851,-0.584,-0.8117,0.0058,-0.584,-0.8117,0.0058,-0.584,-0.8117,0.0058,0.0005,-0.1728,0.985,0.0005,-0.1728,0.985,0.0005,-0.1728,0.985,-0.5677,-0.8232,0.0036,-0.5677,-0.8232,0.0036,-0.5677,-0.8232,0.0036,-0.5681,-0.823,0.0034,-0.5681,-0.823,0.0034,-0.5681,-0.823,0.0034,-0.6809,-0.7323,0.0057,-0.6809,-0.7323,0.0057,-0.6809,-0.7323,0.0057,0.0502,-0.9884,-0.1435,0.0502,-0.9884,-0.1435,0.0502,-0.9884,-0.1435,0.0541,-0.988,-0.1445,0.0541,-0.988,-0.1445,0.0541,-0.988,-0.1445,0.0541,-0.988,-0.1445,0.0541,-0.988,-0.1445,0.0541,-0.988,-0.1445,0.0541,-0.988,-0.1445,0.0541,-0.988,-0.1445,0.0541,-0.988,-0.1445,-0.4167,0.7389,0.5295,-0.4167,0.7389,0.5295,-0.4167,0.7389,0.5295,0.1588,-0.1334,0.9783,0.1588,-0.1334,0.9783,0.1588,-0.1334,0.9783,-0.4085,0.7451,0.5272,-0.4085,0.7451,0.5272,-0.4085,0.7451,0.5272,-0.4085,0.7451,0.5272,-0.4085,0.7451,0.5272,-0.4085,0.7451,0.5272,-0.4085,0.7451,0.5272,-0.4085,0.7451,0.5272,-0.4085,0.7451,0.5272,-0.409,0.7459,0.5256,-0.409,0.7459,0.5256,-0.409,0.7459,0.5256,-0.409,0.7459,0.5256,-0.409,0.7459,0.5256,-0.409,0.7459,0.5256,-0.4087,0.7467,0.5247,-0.4087,0.7467,0.5247,-0.4087,0.7467,0.5247,-0.4087,0.7467,0.5247,-0.4087,0.7467,0.5247,-0.4087,0.7467,0.5247,0.0,0.0,-1.0,0.0,0.0,-1.0,0.0,0.0,-1.0,0.0,0.0,-1.0,0.0,0.0,-1.0,0.0,0.0,-1.0,0.0,0.0,-1.0,0.0,0.0,-1.0,0.0,0.0,-1.0,0.0,0.0,-1.0,0.0,0.0,-1.0,0.0,0.0,-1.0,0.0,0.0,-1.0,0.0,0.0,-1.0,0.0,0.0,-1.0,0.0,0.0,-1.0,0.0,0.0,-1.0,0.0,0.0,-1.0,0.0,0.0,-1.0,0.0,0.0,-1.0,0.0,0.0,-1.0,0.0,0.0,-1.0,0.0,0.0,-1.0,0.0,0.0,-1.0,0.0,0.0,-1.0,0.0,0.0,-1.0,0.0,0.0,-1.0,0.0,0.0,-1.0,0.0,0.0,-1.0,0.0,0.0,-1.0,0.0,1.0,0.0,0.0,1.0,0.0,0.0,1.0,0.0,0.0,1.0,0.0,0.0,1.0,0.0,0.0,1.0,0.0,0.8865,0.2817,-0.3672,0.8865,0.2817,-0.3672,0.8865,0.2817,-0.3672,0.2818,0.3672,-0.8864,0.2818,0.3672,-0.8864,0.2818,0.3672,-0.8864,0.3672,0.8864,-0.2818,0.3672,0.8864,-0.2818,0.3672,0.8864,-0.2818,0.3827,0.9239,0.0,0.3827,0.9239,0.0,0.3827,0.9239,0.0,0.9239,0.3827,-0.0,0.9239,0.3827,-0.0,0.9239,0.3827,-0.0,0.9239,0.3827,-0.0,0.9239,0.3827,-0.0,0.9239,0.3827,-0.0,0.9239,0.3827,-0.0,0.9239,0.3827,-0.0,0.9239,0.3827,-0.0,0.0,0.3827,-0.9239,0.0,0.3827,-0.9239,0.0,0.3827,-0.9239,0.0,0.9239,-0.3827,0.0,0.9239,-0.3827,0.0,0.9239,-0.3827,0.3827,0.0,-0.9239,0.3827,0.0,-0.9239,0.3827,0.0,-0.9239,0.9239,0.0,-0.3827,0.9239,0.0,-0.3827,0.9239,0.0,-0.3827,1.0,0.0,0.0,1.0,0.0,0.0,1.0,0.0,0.0,1.0,0.0,0.0,1.0,0.0,0.0,1.0,0.0,0.0,1.0,0.0,0.0,1.0,0.0,0.0,1.0,0.0,0.0,1.0,0.0,0.0,1.0,0.0,0.0,1.0,0.0,0.0,1.0,0.0,0.0,1.0,0.0,0.0,1.0,0.0,0.0,1.0,0.0,0.0,1.0,0.0,0.0,1.0,0.0,0.0,1.0,0.0,0.0,1.0,0.0,0.0,1.0,0.0,0.0,0.0002,-0.1718,0.9851,0.0002,-0.1718,0.9851,0.0002,-0.1718,0.9851,0.0002,-0.1717,0.9851,0.0002,-0.1717,0.9851,0.0002,-0.1717,0.9851],
  "Ns" : 323.99999,
  "Ka" : [1.00000,1.00000,1.00000],
  "Kd" : [0.80000,0.80000,0.80000],
  "Ks" : [0.50000,0.50000,0.50000],
  "Ni" : 1.45000,
  "d" : 1.00000,
  "illum" : 2
}