{
  "alias" : "Cube_cell.011_Cube_cell.010_Material",
  "vertices" : [-0.497679,0.028365,0.442261,-0.001878,-0.032786,0.404199,-0.040718,-0.06205,0.08535,-0.043478,-0.007017,-0.024962,-0.013532,0.229177,-0.076242,-0.041818,0.063478,-0.104676,-0.100857,0.048763,-0.093382,-0.250896,0.248362,-0.287633,-0.081568,0.091663,-0.14057,-0.5,0.016101,0.330837,-0.5,0.028042,0.43702,-0.466132,0.089281,0.5,-0.468,0.071366,0.5,-0.5,0.061822,0.428952,-0.428576,0.433736,0.5,-0.5,0.191581,0.396395,-0.473797,0.5,0.378622,-0.432629,0.5,0.473797,-0.425458,0.492325,0.492325,-0.492325,0.492325,0.337737,-0.424174,0.473797,0.5,-0.5,0.473797,0.324701,-0.5,0.012835,0.299928,0.019469,0.040274,0.5,0.024202,0.0712,0.5,-0.5,0.473797,-0.413835,-0.5,0.417387,-0.439959,-0.492325,0.492325,-0.398149,-0.473797,0.5,-0.377384,-0.5,0.412939,-0.435329,-0.5,0.406535,-0.428585,-0.5,0.326444,-0.34341,-0.5,0.017851,0.28457,0.085391,0.473797,0.5,0.087391,0.492325,0.492325,0.046869,0.5,0.105798,0.08655,0.5,0.473797,-0.5,0.016101,0.330837,-0.5,0.028042,0.43702,-0.5,0.061822,0.428952,-0.466132,0.089281,0.5,-0.428576,0.433736,0.5,-0.5,0.191581,0.396395,-0.473797,0.5,0.378622,-0.432629,0.5,0.473797,-0.425458,0.492325,0.492325,-0.492325,0.492325,0.337737,-0.424174,0.473797,0.5,-0.5,0.473797,0.324701,0.087391,0.492325,0.492325,0.08655,0.5,0.473797,0.019469,0.040274,0.5,0.024202,0.0712,0.5,-0.5,0.473797,-0.413835,-0.5,0.417387,-0.439959,-0.492325,0.492325,-0.398149,-0.473797,0.5,-0.377384,-0.5,0.012835,0.299928,-0.5,0.017851,0.28457,-0.5,0.406535,-0.428585,-0.5,0.326444,-0.34341,0.085391,0.473797,0.5,0.046869,0.5,0.105798,-0.5,0.412939,-0.435329,-0.468,0.071366,0.5],
  "indices" : [37,0,38,64,40,39,40,42,39,41,47,44,1,57,2,6,58,60,2,3,1,1,52,51,55,54,53,64,1,51,7,63,54,8,59,63,59,6,60,2,58,3,61,3,34,6,8,3,8,5,3,5,4,3,62,4,7,4,8,7,4,5,8,24,33,14,32,9,15,17,35,16,21,27,25,19,28,27,18,33,49,18,50,17,36,34,3,37,1,0,39,38,0,0,64,39,40,41,42,47,45,44,44,43,41,43,46,48,41,43,48,48,42,41,1,37,57,6,3,58,1,3,52,55,7,54,64,0,1,7,8,63,8,6,59,2,57,58,61,52,3,55,56,7,56,62,7,33,20,14,14,11,24,11,12,23,24,11,23,32,22,9,9,10,13,13,15,9,15,21,32,21,25,31,25,26,29,30,25,29,30,31,25,31,32,21,50,35,17,35,28,16,21,19,27,19,16,28,18,20,33,18,49,50,4,62,3,62,36,3],
  "normals" : [-0.1133,-0.9873,0.111,-0.1133,-0.9873,0.111,-0.1133,-0.9873,0.111,-0.9124,0.0951,0.3982,-0.9124,0.0951,0.3982,-0.9124,0.0951,0.3982,-0.9126,0.0995,0.3966,-0.9126,0.0995,0.3966,-0.9126,0.0995,0.3966,-0.9132,0.1003,0.395,-0.9132,0.1003,0.395,-0.9132,0.1003,0.395,-0.1124,-0.9882,0.1044,-0.1124,-0.9882,0.1044,-0.1124,-0.9882,0.1044,-0.3288,-0.8476,-0.4165,-0.3288,-0.8476,-0.4165,-0.3288,-0.8476,-0.4165,0.9814,-0.1608,-0.1048,0.9814,-0.1608,-0.1048,0.9814,-0.1608,-0.1048,0.9831,-0.1505,-0.1043,0.9831,-0.1505,-0.1043,0.9831,-0.1505,-0.1043,0.6432,0.3218,-0.6948,0.6432,0.3218,-0.6948,0.6432,0.3218,-0.6948,-0.0503,-0.7887,0.6127,-0.0503,-0.7887,0.6127,-0.0503,-0.7887,0.6127,-0.0656,-0.7196,-0.6913,-0.0656,-0.7196,-0.6913,-0.0656,-0.7196,-0.6913,-0.0715,-0.7233,-0.6868,-0.0715,-0.7233,-0.6868,-0.0715,-0.7233,-0.6868,-0.0775,-0.7263,-0.683,-0.0775,-0.7263,-0.683,-0.0775,-0.7263,-0.683,-0.3277,-0.8487,-0.4152,-0.3277,-0.8487,-0.4152,-0.3277,-0.8487,-0.4152,0.9832,-0.1494,-0.1045,0.9832,-0.1494,-0.1045,0.9832,-0.1494,-0.1045,0.0565,-0.7501,-0.6589,0.0565,-0.7501,-0.6589,0.0565,-0.7501,-0.6589,0.0657,-0.7482,-0.6603,0.0657,-0.7482,-0.6603,0.0657,-0.7482,-0.6603,0.9826,-0.1487,-0.111,0.9826,-0.1487,-0.111,0.9826,-0.1487,-0.111,0.6439,0.3227,-0.6937,0.6439,0.3227,-0.6937,0.6439,0.3227,-0.6937,0.6658,0.0195,-0.7459,0.6658,0.0195,-0.7459,0.6658,0.0195,-0.7459,0.6746,0.0115,-0.7381,0.6746,0.0115,-0.7381,0.6746,0.0115,-0.7381,0.0,0.0,1.0,0.0,0.0,1.0,0.0,0.0,1.0,-1.0,0.0,0.0,-1.0,0.0,0.0,-1.0,0.0,0.0,0.0,1.0,0.0,0.0,1.0,0.0,0.0,1.0,0.0,-0.9239,0.3827,0.0,-0.9239,0.3827,0.0,-0.9239,0.3827,0.0,-0.3827,0.9239,0.0,-0.3827,0.9239,0.0,-0.3827,0.9239,0.0,0.0,0.3827,0.9239,0.0,0.3827,0.9239,0.0,0.3827,0.9239,0.0,0.9239,0.3827,0.0,0.9239,0.3827,0.0,0.9239,0.3827,0.9833,-0.148,-0.1059,0.9833,-0.148,-0.1059,0.9833,-0.148,-0.1059,-0.1133,-0.9873,0.111,-0.1133,-0.9873,0.111,-0.1133,-0.9873,0.111,-0.9124,0.0951,0.3982,-0.9124,0.0951,0.3982,-0.9124,0.0951,0.3982,-0.9124,0.0951,0.3982,-0.9124,0.0951,0.3982,-0.9124,0.0951,0.3982,-0.9126,0.0995,0.3966,-0.9126,0.0995,0.3966,-0.9126,0.0995,0.3966,-0.9132,0.1003,0.395,-0.9132,0.1003,0.395,-0.9132,0.1003,0.395,-0.9132,0.1003,0.395,-0.9132,0.1003,0.395,-0.9132,0.1003,0.395,-0.9132,0.1003,0.395,-0.9132,0.1003,0.395,-0.9132,0.1003,0.395,-0.9132,0.1003,0.395,-0.9132,0.1003,0.395,-0.9132,0.1003,0.395,-0.9132,0.1003,0.395,-0.9132,0.1003,0.395,-0.9132,0.1003,0.395,-0.1124,-0.9882,0.1044,-0.1124,-0.9882,0.1044,-0.1124,-0.9882,0.1044,-0.3283,-0.848,-0.416,-0.3283,-0.848,-0.416,-0.3283,-0.848,-0.416,0.9831,-0.1505,-0.1043,0.9831,-0.1505,-0.1043,0.9831,-0.1505,-0.1043,0.6432,0.3218,-0.6948,0.6432,0.3218,-0.6948,0.6432,0.3218,-0.6948,-0.0502,-0.7885,0.613,-0.0502,-0.7885,0.613,-0.0502,-0.7885,0.613,-0.0656,-0.7196,-0.6913,-0.0656,-0.7196,-0.6913,-0.0656,-0.7196,-0.6913,-0.0715,-0.7233,-0.6868,-0.0715,-0.7233,-0.6868,-0.0715,-0.7233,-0.6868,-0.2874,-0.9105,-0.2974,-0.2874,-0.9105,-0.2974,-0.2874,-0.9105,-0.2974,0.9832,-0.1494,-0.1045,0.9832,-0.1494,-0.1045,0.9832,-0.1494,-0.1045,0.6438,0.3228,-0.6938,0.6438,0.3228,-0.6938,0.6438,0.3228,-0.6938,0.6438,0.3228,-0.6937,0.6438,0.3228,-0.6937,0.6438,0.3228,-0.6937,0.0,0.0,1.0,0.0,0.0,1.0,0.0,0.0,1.0,0.0,0.0,1.0,0.0,0.0,1.0,0.0,0.0,1.0,0.0,0.0,1.0,0.0,0.0,1.0,0.0,0.0,1.0,0.0,0.0,1.0,0.0,0.0,1.0,0.0,0.0,1.0,-1.0,0.0,0.0,-1.0,0.0,0.0,-1.0,0.0,0.0,-1.0,0.0,0.0,-1.0,0.0,0.0,-1.0,0.0,0.0,-1.0,0.0,0.0,-1.0,0.0,0.0,-1.0,0.0,0.0,-1.0,0.0,0.0,-1.0,0.0,0.0,-1.0,0.0,0.0,-1.0,0.0,0.0,-1.0,0.0,0.0,-1.0,0.0,0.0,-1.0,0.0,0.0,-1.0,0.0,0.0,-1.0,0.0,0.0,-1.0,0.0,0.0,-1.0,0.0,0.0,-1.0,0.0,0.0,-1.0,0.0,0.0,-1.0,0.0,0.0,-1.0,0.0,0.0,-1.0,0.0,0.0,-1.0,0.0,0.0,-1.0,0.0,0.0,0.0,1.0,0.0,0.0,1.0,0.0,0.0,1.0,0.0,0.0,1.0,0.0,0.0,1.0,0.0,0.0,1.0,0.0,-0.9239,0.3827,0.0,-0.9239,0.3827,0.0,-0.9239,0.3827,0.0,-0.3827,0.9239,0.0,-0.3827,0.9239,0.0,-0.3827,0.9239,0.0,0.0,0.3827,0.9239,0.0,0.3827,0.9239,0.0,0.3827,0.9239,0.0,0.9239,0.3827,0.0,0.9239,0.3827,0.0,0.9239,0.3827,0.9833,-0.1478,-0.1064,0.9833,-0.1478,-0.1064,0.9833,-0.1478,-0.1064,0.9833,-0.1479,-0.106,0.9833,-0.1479,-0.106,0.9833,-0.1479,-0.106],
  "Ns" : 323.99999,
  "Ka" : [1.00000,1.00000,1.00000],
  "Kd" : [0.80000,0.80000,0.80000],
  "Ks" : [0.50000,0.50000,0.50000],
  "Ni" : 1.45000,
  "d" : 1.00000,
  "illum" : 2
}