{
  "alias" : "Cube_cell.002_Cube_cell.001_Material",
  "vertices" : [-0.100433,0.046662,-0.094272,-0.081673,0.089975,-0.141578,0.006887,-0.126979,0.060208,-0.042769,-0.009148,-0.025638,0.095188,-0.034293,-0.437028,0.204664,-0.247734,0.017852,0.156754,-0.075594,-0.129995,0.099396,-0.230254,0.092469,-0.041114,0.062208,-0.105926,0.003239,0.029314,-0.5,0.008719,0.025534,-0.5,-0.082556,0.088684,-0.5,-0.084621,0.083928,-0.5,0.050337,-0.003415,-0.5,0.144066,-0.497342,-0.480213,0.136134,-0.492647,-0.491549,0.118505,-0.417912,-0.5,0.127684,-0.473797,-0.5,-0.336242,-0.5,-0.125012,-0.336,-0.5,-0.473797,-0.112419,0.019479,-0.5,-0.324706,-0.473797,-0.5,-0.332685,-0.492325,-0.492325,-0.336219,-0.5,-0.089278,-0.314629,-0.5,-0.071162,0.150344,-0.5,-0.447867,0.145573,-0.5,-0.473797,0.216478,-0.5,-0.087056,0.220391,-0.5,-0.065506,-0.024667,-0.5,0.097113,-0.043702,-0.5,0.109699,-0.061197,-0.5,0.106651,-0.112807,-0.5,0.097347,0.003239,0.029314,-0.5,-0.082556,0.088684,-0.5,-0.084621,0.083928,-0.5,0.008719,0.025534,-0.5,0.050337,-0.003415,-0.5,0.144066,-0.497342,-0.480213,0.136134,-0.492647,-0.491549,-0.336,-0.5,-0.473797,-0.332685,-0.492325,-0.492325,-0.112419,0.019479,-0.5,-0.324706,-0.473797,-0.5,-0.336242,-0.5,-0.125012,-0.336219,-0.5,-0.089278,0.150344,-0.5,-0.447867,0.145573,-0.5,-0.473797,0.216478,-0.5,-0.087056,0.220391,-0.5,-0.065506,-0.314629,-0.5,-0.071162,-0.112807,-0.5,0.097347,-0.061197,-0.5,0.106651,-0.043702,-0.5,0.109699,0.118505,-0.417912,-0.5,-0.024667,-0.5,0.097113,0.127684,-0.473797,-0.5],
  "indices" : [36,1,8,1,33,34,35,1,34,0,8,1,0,3,8,3,7,8,8,6,4,38,54,4,17,54,39,44,42,43,0,35,42,0,50,2,2,3,0,4,6,46,48,5,49,46,6,48,2,7,3,7,55,5,7,52,53,51,2,50,52,2,51,49,5,55,27,29,24,12,11,9,56,22,21,19,15,26,7,6,8,36,33,1,35,0,1,37,36,4,36,8,4,39,54,38,54,37,4,43,41,40,40,44,43,42,44,0,44,45,0,0,45,50,46,47,38,38,4,46,48,6,5,7,53,55,7,2,52,24,23,18,18,19,25,19,26,25,25,27,18,18,27,24,27,28,29,29,30,31,31,32,29,32,24,29,9,10,20,10,13,20,13,16,20,16,56,21,20,16,21,20,12,9,56,15,22,22,15,19,15,14,26,7,5,6],
  "normals" : [0.5678,0.8232,-0.0048,0.5678,0.8232,-0.0048,0.5678,0.8232,-0.0048,0.569,0.8223,-0.0044,0.569,0.8223,-0.0044,0.569,0.8223,-0.0044,-0.9173,0.3982,0.0008,-0.9173,0.3982,0.0008,-0.9173,0.3982,0.0008,-0.0668,0.7489,0.6593,-0.0668,0.7489,0.6593,-0.0668,0.7489,0.6593,-0.0656,0.7465,0.6621,-0.0656,0.7465,0.6621,-0.0656,0.7465,0.6621,0.5116,0.637,0.5766,0.5116,0.637,0.5766,0.5116,0.637,0.5766,0.5712,0.8208,-0.0041,0.5712,0.8208,-0.0041,0.5712,0.8208,-0.0041,0.8374,0.1377,-0.5289,0.8374,0.1377,-0.5289,0.8374,0.1377,-0.5289,0.8367,0.1374,-0.5301,0.8367,0.1374,-0.5301,0.8367,0.1374,-0.5301,-0.9185,0.3953,-0.0006,-0.9185,0.3953,-0.0006,-0.9185,0.3953,-0.0006,-0.9182,0.3961,0.0006,-0.9182,0.3961,0.0006,-0.9182,0.3961,0.0006,-0.6183,0.2734,0.7369,-0.6183,0.2734,0.7369,-0.6183,0.2734,0.7369,-0.6076,0.2843,0.7416,-0.6076,0.2843,0.7416,-0.6076,0.2843,0.7416,0.9764,0.1198,-0.1797,0.9764,0.1198,-0.1797,0.9764,0.1198,-0.1797,0.9769,0.1195,-0.1774,0.9769,0.1195,-0.1774,0.9769,0.1195,-0.1774,0.9766,0.1193,-0.179,0.9766,0.1193,-0.179,0.9766,0.1193,-0.179,0.5086,0.6366,0.5797,0.5086,0.6366,0.5797,0.5086,0.6366,0.5797,0.5364,-0.2327,0.8112,0.5364,-0.2327,0.8112,0.5364,-0.2327,0.8112,-0.1696,0.1522,0.9737,-0.1696,0.1522,0.9737,-0.1696,0.1522,0.9737,-0.6168,0.2715,0.7388,-0.6168,0.2715,0.7388,-0.6168,0.2715,0.7388,-0.1753,0.1531,0.9725,-0.1753,0.1531,0.9725,-0.1753,0.1531,0.9725,0.5376,-0.2342,0.8101,0.5376,-0.2342,0.8101,0.5376,-0.2342,0.8101,0.0,-1.0,0.0,0.0,-1.0,0.0,0.0,-1.0,0.0,0.0,0.0,-1.0,0.0,0.0,-1.0,0.0,0.0,-1.0,0.0,-0.3827,-0.9239,0.0,-0.3827,-0.9239,0.0,-0.3827,-0.9239,0.0,-0.9239,-0.3827,0.0,-0.9239,-0.3827,0.0,-0.9239,-0.3827,0.5135,0.6368,0.5751,0.5135,0.6368,0.5751,0.5135,0.6368,0.5751,0.5678,0.8232,-0.0048,0.5678,0.8232,-0.0048,0.5678,0.8232,-0.0048,-0.9173,0.3982,0.0008,-0.9173,0.3982,0.0008,-0.9173,0.3982,0.0008,0.571,0.8209,-0.0042,0.571,0.8209,-0.0042,0.571,0.8209,-0.0042,0.571,0.8209,-0.0042,0.571,0.8209,-0.0042,0.571,0.8209,-0.0042,0.8374,0.1377,-0.5289,0.8374,0.1377,-0.5289,0.8374,0.1377,-0.5289,0.8374,0.1377,-0.5289,0.8374,0.1377,-0.5289,0.8374,0.1377,-0.5289,-0.9186,0.3953,-0.0006,-0.9186,0.3953,-0.0006,-0.9186,0.3953,-0.0006,-0.9185,0.3953,-0.0006,-0.9185,0.3953,-0.0006,-0.9185,0.3953,-0.0006,-0.9182,0.3961,0.0006,-0.9182,0.3961,0.0006,-0.9182,0.3961,0.0006,-0.9182,0.3961,0.0006,-0.9182,0.3961,0.0006,-0.9182,0.3961,0.0006,-0.6183,0.2734,0.7369,-0.6183,0.2734,0.7369,-0.6183,0.2734,0.7369,0.9764,0.1198,-0.1797,0.9764,0.1198,-0.1797,0.9764,0.1198,-0.1797,0.9764,0.1198,-0.1797,0.9764,0.1198,-0.1797,0.9764,0.1198,-0.1797,0.9769,0.1195,-0.1774,0.9769,0.1195,-0.1774,0.9769,0.1195,-0.1774,0.5364,-0.2327,0.8112,0.5364,-0.2327,0.8112,0.5364,-0.2327,0.8112,-0.1696,0.1522,0.9737,-0.1696,0.1522,0.9737,-0.1696,0.1522,0.9737,0.0,-1.0,0.0,0.0,-1.0,0.0,0.0,-1.0,0.0,0.0,-1.0,0.0,0.0,-1.0,0.0,0.0,-1.0,0.0,0.0,-1.0,0.0,0.0,-1.0,0.0,0.0,-1.0,0.0,0.0,-1.0,0.0,0.0,-1.0,0.0,0.0,-1.0,0.0,0.0,-1.0,0.0,0.0,-1.0,0.0,0.0,-1.0,0.0,0.0,-1.0,0.0,0.0,-1.0,0.0,0.0,-1.0,0.0,0.0,-1.0,0.0,0.0,-1.0,0.0,0.0,-1.0,0.0,0.0,-1.0,0.0,0.0,-1.0,0.0,0.0,-1.0,0.0,0.0,-1.0,0.0,0.0,-1.0,0.0,0.0,-1.0,0.0,0.0,0.0,-1.0,0.0,0.0,-1.0,0.0,0.0,-1.0,0.0,0.0,-1.0,0.0,0.0,-1.0,0.0,0.0,-1.0,0.0,0.0,-1.0,0.0,0.0,-1.0,0.0,0.0,-1.0,0.0,0.0,-1.0,0.0,0.0,-1.0,0.0,0.0,-1.0,0.0,0.0,-1.0,0.0,0.0,-1.0,0.0,0.0,-1.0,0.0,0.0,-1.0,0.0,0.0,-1.0,0.0,0.0,-1.0,0.0012,-0.4086,-0.9127,0.0012,-0.4086,-0.9127,0.0012,-0.4086,-0.9127,0.0,-0.9239,-0.3827,0.0,-0.9239,-0.3827,0.0,-0.9239,-0.3827,0.0,-0.9239,-0.3827,0.0,-0.9239,-0.3827,0.0,-0.9239,-0.3827,0.5134,0.6369,0.5751,0.5134,0.6369,0.5751,0.5134,0.6369,0.5751],
  "Ns" : 323.99999,
  "Ka" : [1.00000,1.00000,1.00000],
  "Kd" : [0.80000,0.80000,0.80000],
  "Ks" : [0.50000,0.50000,0.50000],
  "Ni" : 1.45000,
  "d" : 1.00000,
  "illum" : 2
}