{
  "alias" : "Cube_cell.001_Cube_cell.016_Material",
  "vertices" : [0.097285,-0.034762,-0.437225,0.158693,-0.076309,-0.130083,0.207028,-0.247782,0.017324,0.331599,-0.067209,-0.128784,0.2634,-0.254557,0.0255,0.5,-0.473797,-0.473797,0.473797,-0.5,-0.473797,0.473797,-0.473797,-0.5,0.492325,-0.492325,-0.473797,0.488925,-0.488925,-0.488925,0.473797,-0.492325,-0.492325,0.492325,-0.473797,-0.492325,0.277678,-0.01587,-0.5,0.473797,-0.005957,-0.5,0.5,-0.008376,-0.473797,0.5,-0.038194,-0.265103,0.492325,-0.006117,-0.492325,0.146673,-0.49742,-0.480025,0.170415,-0.320583,-0.5,0.170145,-0.473797,-0.5,0.16111,-0.492325,-0.492325,0.171724,-0.021581,-0.5,0.5,-0.048702,-0.193203,0.5,-0.08006,-0.170851,0.5,-0.370509,0.031884,0.492325,-0.492325,-0.011199,0.487083,-0.494497,-0.012951,0.5,-0.473797,-0.003392,0.473797,-0.5,-0.017423,0.222904,-0.5,-0.066184,0.148133,-0.5,-0.473797,0.473797,-0.5,-0.017423,0.222904,-0.5,-0.066184,0.277678,-0.01587,-0.5,0.473797,-0.005957,-0.5,0.492325,-0.006117,-0.492325,0.170415,-0.320583,-0.5,0.170145,-0.473797,-0.5,0.16111,-0.492325,-0.492325,0.492325,-0.492325,-0.011199,0.5,-0.473797,-0.003392,0.487083,-0.494497,-0.012951,0.146673,-0.49742,-0.480025,0.148133,-0.5,-0.473797,0.5,-0.08006,-0.170851,0.5,-0.370509,0.031884,0.5,-0.008376,-0.473797,0.5,-0.038194,-0.265103,0.5,-0.048702,-0.193203,0.171724,-0.021581,-0.5],
  "indices" : [33,47,14,42,36,37,0,49,36,43,32,1,3,44,48,4,45,44,4,2,45,45,2,41,2,31,41,0,1,3,2,3,1,2,4,3,29,6,28,7,19,18,5,9,11,6,9,8,7,9,10,5,39,8,28,8,26,19,10,20,20,10,6,16,7,13,11,46,5,15,23,5,35,34,14,34,33,14,37,38,42,42,0,36,2,1,32,1,0,43,0,42,43,3,4,44,25,40,41,40,45,41,2,32,31,3,48,47,47,33,3,33,49,0,3,33,0,29,30,6,18,21,12,12,13,18,13,7,18,5,8,9,6,10,9,7,11,9,5,27,39,6,8,28,8,39,26,19,7,10,6,30,20,30,17,20,16,11,7,11,16,46,27,5,23,5,46,15,27,23,24,15,22,23],
  "normals" : [-0.05,0.9887,0.1413,-0.05,0.9887,0.1413,-0.05,0.9887,0.1413,-0.6488,0.0011,-0.761,-0.6488,0.0011,-0.761,-0.6488,0.0011,-0.761,-0.645,0.0028,-0.7642,-0.645,0.0028,-0.7642,-0.645,0.0028,-0.7642,-0.9764,-0.121,0.1791,-0.9764,-0.121,0.1791,-0.9764,-0.121,0.1791,0.2404,0.5634,0.7904,0.2404,0.5634,0.7904,0.2404,0.5634,0.7904,0.2502,0.5542,0.7939,0.2502,0.5542,0.7939,0.2502,0.5542,0.7939,-0.1721,-0.2995,0.9384,-0.1721,-0.2995,0.9384,-0.1721,-0.2995,0.9384,-0.1795,-0.318,0.931,-0.1795,-0.318,0.931,-0.1795,-0.318,0.931,-0.1808,-0.3194,0.9302,-0.1808,-0.3194,0.9302,-0.1808,-0.3194,0.9302,-0.0531,0.9881,0.1443,-0.0531,0.9881,0.1443,-0.0531,0.9881,0.1443,-0.0397,0.6449,0.7632,-0.0397,0.6449,0.7632,-0.0397,0.6449,0.7632,-0.0338,0.6426,0.7654,-0.0338,0.6426,0.7654,-0.0338,0.6426,0.7654,0.0,-1.0,0.0,0.0,-1.0,0.0,0.0,-1.0,0.0,0.0,0.0,-1.0,0.0,0.0,-1.0,0.0,0.0,-1.0,0.8864,-0.2818,-0.3672,0.8864,-0.2818,-0.3672,0.8864,-0.2818,-0.3672,0.3672,-0.8864,-0.2818,0.3672,-0.8864,-0.2818,0.3672,-0.8864,-0.2818,0.2818,-0.3672,-0.8864,0.2818,-0.3672,-0.8864,0.2818,-0.3672,-0.8864,0.9239,-0.3827,0.0,0.9239,-0.3827,0.0,0.9239,-0.3827,0.0,0.3827,-0.9239,0.0,0.3827,-0.9239,0.0,0.3827,-0.9239,0.0,0.0,-0.3827,-0.9239,0.0,-0.3827,-0.9239,0.0,-0.3827,-0.9239,0.0,-0.9239,-0.3827,0.0,-0.9239,-0.3827,0.0,-0.9239,-0.3827,0.3827,0.0,-0.9239,0.3827,0.0,-0.9239,0.3827,0.0,-0.9239,0.9239,0.0,-0.3827,0.9239,0.0,-0.3827,0.9239,0.0,-0.3827,1.0,0.0,0.0,1.0,0.0,0.0,1.0,0.0,0.0,-0.05,0.9887,0.1413,-0.05,0.9887,0.1413,-0.05,0.9887,0.1413,-0.05,0.9887,0.1413,-0.05,0.9887,0.1413,-0.05,0.9887,0.1413,-0.6488,0.0011,-0.761,-0.6488,0.0011,-0.761,-0.6488,0.0011,-0.761,-0.6488,0.0011,-0.761,-0.6488,0.0011,-0.761,-0.6488,0.0011,-0.761,-0.9763,-0.1209,0.1795,-0.9763,-0.1209,0.1795,-0.9763,-0.1209,0.1795,-0.9764,-0.1208,0.1789,-0.9764,-0.1208,0.1789,-0.9764,-0.1208,0.1789,-0.9764,-0.1208,0.1789,-0.9764,-0.1208,0.1789,-0.9764,-0.1208,0.1789,0.2404,0.5634,0.7904,0.2404,0.5634,0.7904,0.2404,0.5634,0.7904,-0.1795,-0.318,0.931,-0.1795,-0.318,0.931,-0.1795,-0.318,0.931,-0.1795,-0.318,0.931,-0.1795,-0.318,0.931,-0.1795,-0.318,0.931,-0.1808,-0.3194,0.9302,-0.1808,-0.3194,0.9302,-0.1808,-0.3194,0.9302,-0.0533,0.9881,0.1444,-0.0533,0.9881,0.1444,-0.0533,0.9881,0.1444,-0.0533,0.9881,0.1444,-0.0533,0.9881,0.1444,-0.0533,0.9881,0.1444,-0.0533,0.9881,0.1443,-0.0533,0.9881,0.1443,-0.0533,0.9881,0.1443,-0.0532,0.9881,0.1444,-0.0532,0.9881,0.1444,-0.0532,0.9881,0.1444,0.0,-1.0,0.0,0.0,-1.0,0.0,0.0,-1.0,0.0,0.0,0.0,-1.0,0.0,0.0,-1.0,0.0,0.0,-1.0,0.0,0.0,-1.0,0.0,0.0,-1.0,0.0,0.0,-1.0,0.0,0.0,-1.0,0.0,0.0,-1.0,0.0,0.0,-1.0,0.8865,-0.3672,-0.2817,0.8865,-0.3672,-0.2817,0.8865,-0.3672,-0.2817,0.2817,-0.8865,-0.3672,0.2817,-0.8865,-0.3672,0.2817,-0.8865,-0.3672,0.3672,-0.2817,-0.8865,0.3672,-0.2817,-0.8865,0.3672,-0.2817,-0.8865,0.9239,-0.3827,0.0,0.9239,-0.3827,0.0,0.9239,-0.3827,0.0,0.3827,-0.9239,0.0,0.3827,-0.9239,0.0,0.3827,-0.9239,0.0,0.3827,-0.9239,0.0,0.3827,-0.9239,0.0,0.3827,-0.9239,0.0,0.0,-0.3827,-0.9239,0.0,-0.3827,-0.9239,0.0,-0.3827,-0.9239,0.0,-0.9239,-0.3827,0.0,-0.9239,-0.3827,0.0,-0.9239,-0.3827,0.0,-0.9239,-0.3827,0.0,-0.9239,-0.3827,0.0,-0.9239,-0.3827,0.3827,0.0,-0.9239,0.3827,0.0,-0.9239,0.3827,0.0,-0.9239,0.9239,0.0,-0.3827,0.9239,0.0,-0.3827,0.9239,0.0,-0.3827,1.0,0.0,0.0,1.0,0.0,0.0,1.0,0.0,0.0,1.0,0.0,0.0,1.0,0.0,0.0,1.0,0.0,0.0,1.0,0.0,0.0,1.0,0.0,0.0,1.0,0.0,0.0,1.0,0.0,0.0,1.0,0.0,0.0,1.0,0.0,0.0],
  "Ns" : 323.99999,
  "Ka" : [1.00000,1.00000,1.00000],
  "Kd" : [0.80000,0.80000,0.80000],
  "Ks" : [0.50000,0.50000,0.50000],
  "Ni" : 1.45000,
  "d" : 1.00000,
  "illum" : 2
}