{
  "alias" : "Cube_cell.004_Cube_cell.003_Material",
  "vertices" : [0.473797,0.473797,0.5,0.5,0.473797,0.473797,0.473797,0.5,0.473797,0.492325,0.473797,0.492325,0.488925,0.488925,0.488925,0.471485,0.465018,-0.033112,0.492325,0.492325,0.473797,0.331177,-0.066178,-0.126558,0.473797,0.492325,0.492325,0.263476,-0.253552,0.027107,-0.011438,0.229378,-0.075161,-0.039536,0.062468,-0.104963,0.00066,-0.032606,0.404918,-0.038094,-0.062929,0.084015,-0.041777,-0.009633,-0.022716,0.158489,-0.074819,-0.128927,0.100284,-0.22967,0.094053,0.206268,-0.24733,0.018407,0.007518,-0.125037,0.060659,0.028839,0.090209,0.5,0.087139,0.473797,0.5,0.086052,0.5,0.452531,0.088323,0.5,0.473797,0.089136,0.492325,0.492325,0.025844,0.070275,0.5,0.021375,0.039634,0.5,0.103197,-0.135136,0.5,0.049454,0.5,0.106297,0.386149,0.5,0.014656,0.466907,0.5,-0.0067,0.161272,-0.206685,0.5,0.117363,-0.152751,0.5,0.170169,-0.217487,0.5,0.181371,-0.218935,0.5,0.401332,-0.247017,0.5,0.40645,-0.247611,0.5,0.41486,-0.233664,0.5,0.473797,-0.135725,0.5,0.5,-0.079361,0.473797,0.492325,-0.10118,0.492325,0.5,0.147856,0.009528,0.5,0.400733,0.039609,0.5,0.473797,0.158667,0.473682,0.5,0.034172,0.492325,0.492325,0.140103,0.5,0.355592,-0.033097,0.470582,0.5,0.014702,0.5,0.341257,-0.054845,0.5,0.210755,-0.077832,0.5,0.193116,-0.080881,0.028839,0.090209,0.5,0.087139,0.473797,0.5,0.086052,0.5,0.452531,0.088323,0.5,0.473797,0.089136,0.492325,0.492325,0.025844,0.070275,0.5,0.021375,0.039634,0.5,0.103197,-0.135136,0.5,0.386149,0.5,0.014656,0.466907,0.5,-0.0067,0.161272,-0.206685,0.5,0.117363,-0.152751,0.5,0.170169,-0.217487,0.5,0.41486,-0.233664,0.5,0.473797,-0.135725,0.5,0.473682,0.5,0.034172,0.492325,0.492325,0.140103,0.492325,-0.10118,0.492325,0.5,0.400733,0.039609,0.5,0.473797,0.158667,0.5,0.355592,-0.033097,0.049454,0.5,0.106297,0.5,0.341257,-0.054845,0.5,0.210755,-0.077832,0.5,0.147856,0.009528,0.5,0.193116,-0.080881,0.181371,-0.218935,0.5,0.470582,0.5,0.014702,0.401332,-0.247017,0.5,0.40645,-0.247611,0.5,0.5,-0.079361,0.473797],
  "indices" : [51,52,50,50,14,55,56,12,57,10,52,71,11,14,10,10,71,58,58,5,10,5,11,10,11,18,14,18,13,14,13,18,12,61,18,60,61,57,12,60,16,62,16,76,62,17,78,76,9,78,17,9,36,79,12,56,55,68,66,69,68,77,43,5,77,70,15,17,11,17,18,11,5,15,11,15,72,73,17,16,18,15,7,17,7,9,17,15,75,7,7,75,74,31,33,64,28,21,2,0,4,8,1,4,3,2,4,6,0,67,3,80,3,67,2,44,65,6,42,44,0,23,20,23,2,22,45,40,48,36,38,37,51,54,53,53,52,51,52,10,50,50,10,14,58,59,5,61,12,18,60,18,16,16,17,76,9,79,78,9,7,36,14,13,55,13,12,55,68,43,66,68,70,77,70,72,5,5,59,77,15,5,72,15,73,75,20,19,0,19,24,26,0,19,64,24,25,26,26,31,64,31,30,33,30,32,33,33,34,63,34,35,63,63,64,33,64,19,26,46,29,28,28,27,21,21,22,2,2,65,28,65,46,28,0,3,4,1,6,4,2,8,4,0,64,67,80,1,3,2,6,44,6,1,42,0,8,23,23,8,2,47,45,48,45,41,40,41,42,40,42,1,40,1,80,40,40,49,48,36,7,38,7,74,38,38,39,37],
  "normals" : [-0.9832,0.1494,0.105,-0.9832,0.1494,0.105,-0.9832,0.1494,0.105,-0.9835,0.1478,0.1046,-0.9835,0.1478,0.1046,-0.9835,0.1478,0.1046,-0.8037,-0.3763,0.461,-0.8037,-0.3763,0.461,-0.8037,-0.3763,0.461,-0.983,0.1515,0.1039,-0.983,0.1515,0.1039,-0.983,0.1515,0.1039,-0.9838,0.1473,0.1024,-0.9838,0.1473,0.1024,-0.9838,0.1473,0.1024,-0.2145,0.5768,-0.7882,-0.2145,0.5768,-0.7882,-0.2145,0.5768,-0.7882,-0.2098,0.5715,-0.7933,-0.2098,0.5715,-0.7933,-0.2098,0.5715,-0.7933,-0.0001,0.1758,-0.9844,-0.0001,0.1758,-0.9844,-0.0001,0.1758,-0.9844,-0.5209,-0.6348,-0.5707,-0.5209,-0.6348,-0.5707,-0.5209,-0.6348,-0.5707,-0.8236,-0.5182,-0.2304,-0.8236,-0.5182,-0.2304,-0.8236,-0.5182,-0.2304,-0.7686,-0.6215,0.1516,-0.7686,-0.6215,0.1516,-0.7686,-0.6215,0.1516,-0.7665,-0.624,0.1523,-0.7665,-0.624,0.1523,-0.7665,-0.624,0.1523,-0.7689,-0.6183,0.1624,-0.7689,-0.6183,0.1624,-0.7689,-0.6183,0.1624,-0.7631,-0.6286,0.1502,-0.7631,-0.6286,0.1502,-0.7631,-0.6286,0.1502,-0.1281,-0.9904,0.0518,-0.1281,-0.9904,0.0518,-0.1281,-0.9904,0.0518,-0.1265,-0.9906,0.0519,-0.1265,-0.9906,0.0519,-0.1265,-0.9906,0.0519,-0.1151,-0.9922,0.0473,-0.1151,-0.9922,0.0473,-0.1151,-0.9922,0.0473,0.8303,-0.5007,-0.2447,0.8303,-0.5007,-0.2447,0.8303,-0.5007,-0.2447,-0.984,0.1435,0.1054,-0.984,0.1435,0.1054,-0.984,0.1435,0.1054,0.9576,0.2456,-0.1507,0.9576,0.2456,-0.1507,0.9576,0.2456,-0.1507,0.9573,0.2455,-0.1524,0.9573,0.2455,-0.1524,0.9573,0.2455,-0.1524,0.9546,0.2487,-0.1639,0.9546,0.2487,-0.1639,0.9546,0.2487,-0.1639,-0.5108,-0.6357,-0.5787,-0.5108,-0.6357,-0.5787,-0.5108,-0.6357,-0.5787,-0.514,-0.6367,-0.5748,-0.514,-0.6367,-0.5748,-0.514,-0.6367,-0.5748,0.0014,0.174,-0.9848,0.0014,0.174,-0.9848,0.0014,0.174,-0.9848,0.0023,0.1735,-0.9848,0.0023,0.1735,-0.9848,0.0023,0.1735,-0.9848,-0.5146,-0.6388,-0.5719,-0.5146,-0.6388,-0.5719,-0.5146,-0.6388,-0.5719,0.0426,-0.642,-0.7655,0.0426,-0.642,-0.7655,0.0426,-0.642,-0.7655,0.0462,-0.6434,-0.7641,0.0462,-0.6434,-0.7641,0.0462,-0.6434,-0.7641,0.005,0.1703,-0.9854,0.005,0.1703,-0.9854,0.005,0.1703,-0.9854,0.8311,-0.4973,-0.2489,0.8311,-0.4973,-0.2489,0.8311,-0.4973,-0.2489,0.0,0.0,1.0,0.0,0.0,1.0,0.0,0.0,1.0,0.0,1.0,0.0,0.0,1.0,0.0,0.0,1.0,0.0,0.2818,0.3672,0.8864,0.2818,0.3672,0.8864,0.2818,0.3672,0.8864,0.8865,0.2817,0.3672,0.8865,0.2817,0.3672,0.8865,0.2817,0.3672,0.3672,0.8865,0.2817,0.3672,0.8865,0.2817,0.3672,0.8865,0.2817,0.3827,0.0,0.9239,0.3827,0.0,0.9239,0.3827,0.0,0.9239,0.9239,0.0,0.3827,0.9239,0.0,0.3827,0.9239,0.0,0.3827,0.3812,0.9245,-0.0001,0.3812,0.9245,-0.0001,0.3812,0.9245,-0.0001,0.9239,0.3827,0.0,0.9239,0.3827,0.0,0.9239,0.3827,0.0,0.0,0.3827,0.9239,0.0,0.3827,0.9239,0.0,0.3827,0.9239,0.0,0.9239,0.3827,0.0,0.9239,0.3827,0.0,0.9239,0.3827,1.0,0.0,0.0,1.0,0.0,0.0,1.0,0.0,0.0,0.8308,-0.4999,-0.2446,0.8308,-0.4999,-0.2446,0.8308,-0.4999,-0.2446,-0.9832,0.1494,0.105,-0.9832,0.1494,0.105,-0.9832,0.1494,0.105,-0.9832,0.1494,0.105,-0.9832,0.1494,0.105,-0.9832,0.1494,0.105,-0.9832,0.1494,0.105,-0.9832,0.1494,0.105,-0.9832,0.1494,0.105,-0.9835,0.1478,0.1046,-0.9835,0.1478,0.1046,-0.9835,0.1478,0.1046,-0.2098,0.5715,-0.7933,-0.2098,0.5715,-0.7933,-0.2098,0.5715,-0.7933,-0.7665,-0.624,0.1523,-0.7665,-0.624,0.1523,-0.7665,-0.624,0.1523,-0.7631,-0.6286,0.1502,-0.7631,-0.6286,0.1502,-0.7631,-0.6286,0.1502,-0.1281,-0.9904,0.0518,-0.1281,-0.9904,0.0518,-0.1281,-0.9904,0.0518,-0.1151,-0.9922,0.0473,-0.1151,-0.9922,0.0473,-0.1151,-0.9922,0.0473,0.8303,-0.5007,-0.2447,0.8303,-0.5007,-0.2447,0.8303,-0.5007,-0.2447,-0.9841,0.1431,0.1054,-0.9841,0.1431,0.1054,-0.9841,0.1431,0.1054,-0.984,0.1436,0.1053,-0.984,0.1436,0.1053,-0.984,0.1436,0.1053,0.9576,0.2456,-0.1507,0.9576,0.2456,-0.1507,0.9576,0.2456,-0.1507,0.9573,0.2455,-0.1524,0.9573,0.2455,-0.1524,0.9573,0.2455,-0.1524,0.9546,0.2487,-0.1639,0.9546,0.2487,-0.1639,0.9546,0.2487,-0.1639,0.9546,0.2487,-0.1639,0.9546,0.2487,-0.1639,0.9546,0.2487,-0.1639,0.0023,0.1735,-0.9848,0.0023,0.1735,-0.9848,0.0023,0.1735,-0.9848,0.005,0.1703,-0.9854,0.005,0.1703,-0.9854,0.005,0.1703,-0.9854,0.0,0.0,1.0,0.0,0.0,1.0,0.0,0.0,1.0,0.0,0.0,1.0,0.0,0.0,1.0,0.0,0.0,1.0,0.0,0.0,1.0,0.0,0.0,1.0,0.0,0.0,1.0,0.0,0.0,1.0,0.0,0.0,1.0,0.0,0.0,1.0,0.0,0.0,1.0,0.0,0.0,1.0,0.0,0.0,1.0,0.0,0.0,1.0,0.0,0.0,1.0,0.0,0.0,1.0,0.0,0.0,1.0,0.0,0.0,1.0,0.0,0.0,1.0,0.0,0.0,1.0,0.0,0.0,1.0,0.0,0.0,1.0,0.0,0.0,1.0,0.0,0.0,1.0,0.0,0.0,1.0,0.0,0.0,1.0,0.0,0.0,1.0,0.0,0.0,1.0,0.0,0.0,1.0,0.0,0.0,1.0,0.0,0.0,1.0,0.0,1.0,0.0,0.0,1.0,0.0,0.0,1.0,0.0,0.0,1.0,0.0,0.0,1.0,0.0,0.0,1.0,0.0,0.0,1.0,0.0,0.0,1.0,0.0,0.0,1.0,0.0,0.0,1.0,0.0,0.0,1.0,0.0,0.0,1.0,0.0,0.0,1.0,0.0,0.0,1.0,0.0,0.0,1.0,0.0,0.3672,0.2817,0.8865,0.3672,0.2817,0.8865,0.3672,0.2817,0.8865,0.8865,0.3672,0.2817,0.8865,0.3672,0.2817,0.8865,0.3672,0.2817,0.2817,0.8864,0.3672,0.2817,0.8864,0.3672,0.2817,0.8864,0.3672,0.3827,0.0,0.9239,0.3827,0.0,0.9239,0.3827,0.0,0.9239,0.9239,0.0,0.3827,0.9239,0.0,0.3827,0.9239,0.0,0.3827,0.3827,0.9239,0.0,0.3827,0.9239,0.0,0.3827,0.9239,0.0,0.9239,0.3827,0.0,0.9239,0.3827,0.0,0.9239,0.3827,0.0,0.0,0.3827,0.9239,0.0,0.3827,0.9239,0.0,0.3827,0.9239,0.0,0.9239,0.3827,0.0,0.9239,0.3827,0.0,0.9239,0.3827,1.0,0.0,0.0,1.0,0.0,0.0,1.0,0.0,0.0,1.0,0.0,0.0,1.0,0.0,0.0,1.0,0.0,0.0,1.0,0.0,0.0,1.0,0.0,