{
  "alias" : "Icosphere_Icosphere_None",
  "vertices" : [-0.00786,-0.010818,0.089785,0.00786,-0.010818,0.089785,0.012717,0.004132,0.089785,0.0,0.013372,0.089785,-0.012717,0.004132,0.089785,-0.037999,0.065674,0.049829,-0.038,0.073938,0.036457,-0.050717,0.069806,0.028193,-0.058576,0.058988,0.036457,-0.050717,0.056435,0.049829,-0.069345,-0.030795,0.049829,-0.074202,-0.015845,0.049829,-0.082062,-0.013292,0.036457,-0.082062,-0.026663,0.028193,-0.074202,-0.037481,0.036457,0.00786,-0.075468,0.049829,-0.00786,-0.075468,0.049829,-0.012717,-0.082154,0.036457,0.0,-0.086286,0.028193,0.012717,-0.082154,0.036457,0.074202,-0.015845,0.049829,0.069345,-0.030795,0.049829,0.074202,-0.037481,0.036457,0.082062,-0.026663,0.028193,0.082062,-0.013292,0.036457,0.038,0.073938,0.036457,0.037999,0.065674,0.049829,0.050717,0.056435,0.049829,0.058576,0.058988,0.036457,0.050717,0.069806,0.028193,-0.082062,0.013292,-0.036457,-0.082062,0.026663,-0.028193,-0.074202,0.037481,-0.036457,-0.069345,0.030795,-0.049829,-0.074202,0.015845,-0.049829,-0.038,-0.073938,-0.036457,-0.050717,-0.069806,-0.028193,-0.058576,-0.058988,-0.036457,-0.050717,-0.056435,-0.049829,-0.037999,-0.065674,-0.049829,0.058576,-0.058988,-0.036457,0.050717,-0.069806,-0.028193,0.038,-0.073938,-0.036457,0.037999,-0.065674,-0.049829,0.050717,-0.056435,-0.049829,0.074202,0.037481,-0.036457,0.082062,0.026663,-0.028193,0.082062,0.013292,-0.036457,0.074202,0.015845,-0.049829,0.069345,0.030795,-0.049829,-0.012717,0.082154,-0.036457,0.0,0.086286,-0.028193,0.012717,0.082154,-0.036457,0.00786,0.075468,-0.049829,-0.00786,0.075468,-0.049829,-0.012717,-0.004132,-0.089785,-0.00786,0.010818,-0.089785,0.00786,0.010818,-0.089785,0.012717,-0.004132,-0.089785,0.0,-0.013372,-0.089785],
  "indices" : [5,3,26,1,15,21,4,9,11,2,20,27,12,8,31,7,50,32,6,25,51,13,30,37,18,35,42,23,40,47,17,14,36,22,19,41,28,24,46,29,45,52,33,54,56,38,34,55,43,39,59,48,44,58,53,49,57,2,3,4,6,7,8,12,13,14,17,18,19,22,23,24,26,27,28,31,32,33,37,38,39,41,42,43,47,48,49,52,53,54,56,57,58,0,11,10,3,9,4,8,11,9,6,26,25,27,3,2,1,16,15,14,16,10,2,21,20,22,15,19,28,20,24,7,51,50,29,51,25,13,31,30,7,31,8,18,36,35,13,36,14,23,41,40,18,41,19,29,46,45,23,46,24,54,32,50,34,37,30,43,35,39,48,40,44,53,45,49,55,33,56,57,54,53,59,38,55,44,59,58,49,58,57,0,10,16,4,0,1,1,2,4,9,5,8,5,6,8,14,10,11,11,12,14,19,15,16,16,17,19,24,20,21,21,22,24,29,25,28,25,26,28,34,30,33,30,31,33,39,35,36,36,37,39,44,40,43,40,41,43,49,45,46,46,47,49,54,50,51,51,52,54,59,55,58,55,56,58,0,4,11,3,5,9,8,12,11,6,5,26,27,26,3,1,0,16,14,17,16,2,1,21,22,21,15,28,27,20,7,6,51,29,52,51,13,12,31,7,32,31,18,17,36,13,37,36,23,22,41,18,42,41,29,28,46,23,47,46,54,33,32,34,38,37,43,42,35,48,47,40,53,52,45,55,34,33,57,56,54,59,39,38,44,43,59,49,48,58],
  "normals" : [0.0,0.6071,0.7947,0.0,0.6071,0.7947,0.0,0.6071,0.7947,0.3568,-0.4911,0.7947,0.3568,-0.4911,0.7947,0.3568,-0.4911,0.7947,-0.5774,0.1876,0.7947,-0.5774,0.1876,0.7947,-0.5774,0.1876,0.7947,0.5774,0.1876,0.7947,0.5774,0.1876,0.7947,0.5774,0.1876,0.7947,-0.9342,0.3035,0.1876,-0.9342,0.3035,0.1876,-0.9342,0.3035,0.1876,-0.5774,0.7946,-0.1876,-0.5774,0.7946,-0.1876,-0.5774,0.7946,-0.1876,0.0,0.9822,0.1876,0.0,0.9822,0.1876,0.0,0.9822,0.1876,-0.9342,-0.3035,-0.1876,-0.9342,-0.3035,-0.1876,-0.9342,-0.3035,-0.1876,0.0,-0.9822,-0.1876,0.0,-0.9822,-0.1876,0.0,-0.9822,-0.1876,0.9342,-0.3035,-0.1876,0.9342,-0.3035,-0.1876,0.9342,-0.3035,-0.1876,-0.5774,-0.7946,0.1876,-0.5774,-0.7946,0.1876,-0.5774,-0.7946,0.1876,0.5774,-0.7946,0.1876,0.5774,-0.7946,0.1876,0.5774,-0.7946,0.1876,0.9342,0.3035,0.1876,0.9342,0.3035,0.1876,0.9342,0.3035,0.1876,0.5774,0.7946,-0.1876,0.5774,0.7946,-0.1876,0.5774,0.7946,-0.1876,-0.3568,0.4911,-0.7947,-0.3568,0.4911,-0.7947,-0.3568,0.4911,-0.7947,-0.5774,-0.1876,-0.7947,-0.5774,-0.1876,-0.7947,-0.5774,-0.1876,-0.7947,0.0,-0.6071,-0.7947,0.0,-0.6071,-0.7947,0.0,-0.6071,-0.7947,0.5774,-0.1876,-0.7947,0.5774,-0.1876,-0.7947,0.5774,-0.1876,-0.7947,0.3568,0.4911,-0.7947,0.3568,0.4911,-0.7947,0.3568,0.4911,-0.7947,0.0,0.0,1.0,0.0,0.0,1.0,0.0,0.0,1.0,-0.5257,0.7236,0.4472,-0.5257,0.7236,0.4472,-0.5257,0.7236,0.4472,-0.8507,-0.2764,0.4472,-0.8507,-0.2764,0.4472,-0.8507,-0.2764,0.4472,0.0,-0.8944,0.4472,0.0,-0.8944,0.4472,0.0,-0.8944,0.4472,0.8507,-0.2764,0.4472,0.8507,-0.2764,0.4472,0.8507,-0.2764,0.4472,0.5257,0.7236,0.4472,0.5257,0.7236,0.4472,0.5257,0.7236,0.4472,-0.8507,0.2764,-0.4472,-0.8507,0.2764,-0.4472,-0.8507,0.2764,-0.4472,-0.5257,-0.7236,-0.4472,-0.5257,-0.7236,-0.4472,-0.5257,-0.7236,-0.4472,0.5257,-0.7236,-0.4472,0.5257,-0.7236,-0.4472,0.5257,-0.7236,-0.4472,0.8507,0.2764,-0.4472,0.8507,0.2764,-0.4472,0.8507,0.2764,-0.4472,0.0,0.8944,-0.4472,0.0,0.8944,-0.4472,0.0,0.8944,-0.4472,0.0,-0.0,-1.0,0.0,-0.0,-1.0,0.0,-0.0,-1.0,-0.5,-0.1625,0.8506,-0.5,-0.1625,0.8506,-0.5,-0.1625,0.8506,-0.309,0.4253,0.8506,-0.309,0.4253,0.8506,-0.309,0.4253,0.8506,-0.809,0.2629,0.5257,-0.809,0.2629,0.5257,-0.809,0.2629,0.5257,0.0,0.8507,0.5257,0.0,0.8507,0.5257,0.0,0.8507,0.5257,0.309,0.4253,0.8506,0.309,0.4253,0.8506,0.309,0.4253,0.8506,0.0,-0.5257,0.8507,0.0,-0.5257,0.8507,0.0,-0.5257,0.8507,-0.5,-0.6882,0.5257,-0.5,-0.6882,0.5257,-0.5,-0.6882,0.5257,0.5,-0.1625,0.8506,0.5,-0.1625,0.8506,0.5,-0.1625,0.8506,0.5,-0.6882,0.5257,0.5,-0.6882,0.5257,0.5,-0.6882,0.5257,0.809,0.2629,0.5257,0.809,0.2629,0.5257,0.809,0.2629,0.5257,-0.309,0.9511,0.0,-0.309,0.9511,0.0,-0.309,0.9511,0.0,0.309,0.9511,0.0,0.309,0.9511,0.0,0.309,0.9511,0.0,-1.0,0.0,0.0,-1.0,0.0,0.0,-1.0,0.0,0.0,-0.809,0.5878,0.0,-0.809,0.5878,0.0,-0.809,0.5878,0.0,-0.309,-0.9511,-0.0,-0.309,-0.9511,-0.0,-0.309,-0.9511,-0.0,-0.809,-0.5878,-0.0,-0.809,-0.5878,-0.0,-0.809,-0.5878,-0.0,0.809,-0.5878,-0.0,0.809,-0.5878,-0.0,0.809,-0.5878,-0.0,0.309,-0.9511,-0.0,0.309,-0.9511,-0.0,0.309,-0.9511,-0.0,0.809,0.5878,0.0,0.809,0.5878,0.0,0.809,0.5878,0.0,1.0,-0.0,0.0,1.0,-0.0,0.0,1.0,-0.0,0.0,-0.5,0.6882,-0.5257,-0.5,0.6882,-0.5257,-0.5,0.6882,-0.5257,-0.809,-0.2629,-0.5257,-0.809,-0.2629,-0.5257,-0.809,-0.2629,-0.5257,0.0,-0.8506,-0.5257,0.0,-0.8506,-0.5257,0.0,-0.8506,-0.5257,0.809,-0.2629,-0.5257,0.809,-0.2629,-0.5257,0.809,-0.2629,-0.5257,0.5,0.6882,-0.5257,0.5,0.6882,-0.5257,0.5,0.6882,-0.5257,-0.5,0.1625,-0.8506,-0.5,0.1625,-0.8506,-0.5,0.1625,-0.8506,0.0,0.5257,-0.8507,0.0,0.5257,-0.8507,0.0,0.5257,-0.8507,-0.309,-0.4253,-0.8506,-0.309,-0.4253,-0.8506,-0.309,-0.4253,-0.8506,0.309,-0.4253,-0.8506,0.309,-0.4253,-0.8506,0.309,-0.4253,-0.8506,0.5,0.1625,-0.8506,0.5,0.1625,-0.8506,0.5,0.1625,-0.8506,-0.3568,-0.4911,0.7947,-0.3568,-0.4911,0.7947,-0.3568,-0.4911,0.7947,0.0,0.0,1.0,0.0,0.0,1.0,0.0,0.0,1.0,0.0,0.0,1.0,0.0,0.0,1.0,0.0,0.0,1.0,-0.5257,0.7236,0.4472,-0.5257,0.7236,0.4472,-0.5257,0.7236,0.4472,-0.5257,0.7236,0.4472,-0.5257,0.7236,0.4472,-0.5257,0.7236,0.4472,-0.8507,-0.2764,0.4472,-0.8507,-0.2764,0.4472,-0.8507,-0.2764,0.4472,-0.8507,-0.2764,0.4472,-0.8507,-0.2764,0.4472,-0.8507,-0.2764,0.4472,0.0,-0.8944,0.4472,0.0,-0.8944,0.4472,0.0,-0.8944,0.4472,0.0,-0.8944,0.4472,0.0,-0.8944,0.4472,0.0,-0.8944,0.4472,0.8507,-0.2764,0.4472,0.8507,-0.2764,0.4472,0.8507,-0.2764,0.4472,0.8507,-0.2764,0.4472,0.8507,-0.2764,0.4472,0.8507,-0.2764,0.4472,0.5257,0.7236,0.4472,0.5257,0.7236,0.4472,0.5257,0.7236,0.4472,0.5257,0.7236,0.4472,0.5257,0.7236,0.4472,0.5257,0.7236,0.4472,-0.8507,0.2764,-0.4472,-0.8507,0.2764,-0.4472,-0.8507,0.2764,-0.4472,-0.8507,0.2764,-0.4472,-0.8507,0.2764,-0.4472,-0.8507,0.2764,-0.4472,-0.5257,-0.7236,-0.4472,-0.5257,-0.7236,-0.4472,-0.5257,-0.7236,-0.4472,-0.5257,-0.7236,-0.4472,-0.5257,-0.7236,-0.4472,-0.5257,-0.7236,-0.4472,0.5257,-0.7236,-0.4472,0.5257,-0.7236,-0.4472,0.5257,-0.7236,-0.4472,0.5257,-0.7236,-0.4472,0.5257,-0.7236,-0.4472,0.5257,-0.7236,-0.4472,0.8507,0.2764,-0.4472,0.8507,0.2764,-0.4472,0.8507,0.2764,-0.4472,0.8507,0.2764,-0.4472,0.8507,0.2764,-0.4472,0.8507,0.2764,-0.4472,0.0,0.8944,-0.4472,0.0,0.8944,-0.4472,0.0,0.8944,-0.4472,0.0,0.8944,-0.4472,0.0,0.8944,-0.4472,0.0,0.8944,-0.4472,0.0,-0.0,-1.0,0.0,-0.0,-1.0,0.0,-0.0,-1.0,0.0,-0.0,-1.0,0.0,-0.0,-1.0,0.0,-0.0,-1.0,-0.5,-0.1625,