{
  "alias" : "Gold1_Icosphere_None",
  "vertices" : [-0.013609,-0.025929,0.235545,0.013609,-0.025929,0.235545,0.015904,0.006113,0.237693,0.0,0.041469,0.233505,-0.015904,0.006113,0.237693,-0.11054,0.333672,0.117274,-0.106359,0.35252,0.097909,-0.12792,0.341792,0.08858,-0.140175,0.312967,0.097286,-0.12728,0.300526,0.120583,-0.193012,-0.137878,0.11896,-0.196116,-0.106341,0.120583,-0.208901,-0.093253,0.097286,-0.208901,-0.131296,0.091902,-0.195515,-0.163112,0.097494,0.013609,-0.388214,0.11896,-0.013609,-0.388214,0.11896,-0.018551,-0.410044,0.097494,0.0,-0.418894,0.083045,0.018551,-0.410044,0.097494,0.196116,-0.106341,0.120583,0.193012,-0.137878,0.11896,0.195515,-0.163112,0.097494,0.208901,-0.131296,0.091902,0.208901,-0.093253,0.097286,0.106359,0.35252,0.097909,0.11054,0.333672,0.117274,0.12728,0.300526,0.120583,0.140175,0.312967,0.097286,0.12792,0.341792,0.08858,-0.208901,0.093253,-0.097286,-0.208901,0.131296,-0.091902,-0.195515,0.163112,-0.097494,-0.193012,0.137878,-0.11896,-0.196116,0.106341,-0.120583,-0.106359,-0.35252,-0.097909,-0.12792,-0.341792,-0.08858,-0.140175,-0.312967,-0.097286,-0.12728,-0.300526,-0.120583,-0.11054,-0.333672,-0.117274,0.140175,-0.312967,-0.097286,0.12792,-0.341792,-0.08858,0.106359,-0.35252,-0.097909,0.11054,-0.333672,-0.117274,0.12728,-0.300526,-0.120583,0.195515,0.163112,-0.097494,0.208901,0.131296,-0.091902,0.208901,0.093253,-0.097286,0.196116,0.106341,-0.120583,0.193012,0.137878,-0.11896,-0.018551,0.410044,-0.097494,0.0,0.418894,-0.083045,0.018551,0.410044,-0.097494,0.013609,0.388214,-0.11896,-0.013609,0.388214,-0.11896,-0.015904,-0.006113,-0.237693,-0.013609,0.025929,-0.235545,0.013609,0.025929,-0.235545,0.015904,-0.006113,-0.237693,0.0,-0.041469,-0.233505],
  "indices" : [5,3,26,1,15,21,4,9,11,2,20,27,12,8,31,7,50,32,6,25,51,13,30,37,18,35,42,23,40,47,17,14,36,22,19,41,28,24,46,29,45,52,33,54,56,38,34,55,43,39,59,48,44,58,53,49,57,2,3,4,8,5,7,11,12,13,17,18,19,21,22,23,26,28,29,31,33,34,37,38,39,41,42,43,46,48,49,53,50,52,56,57,58,0,11,10,3,9,4,12,9,8,6,26,25,27,3,2,15,0,16,14,16,10,20,1,21,22,15,19,24,27,20,50,6,51,52,25,29,30,12,31,32,8,7,35,17,36,37,14,13,40,22,41,42,19,18,45,28,46,47,24,23,54,32,50,38,30,34,43,35,39,44,47,40,53,45,49,34,56,55,53,56,54,59,38,55,44,59,58,57,48,58,0,10,16,4,0,1,1,2,4,9,5,8,5,6,7,14,10,13,10,11,13,19,15,16,16,17,19,24,20,23,20,21,23,29,25,26,26,27,28,34,30,31,31,32,33,39,35,36,36,37,39,44,40,43,40,41,43,49,45,46,46,47,48,54,50,53,50,51,52,59,55,58,55,56,58,0,4,11,3,5,9,12,11,9,6,5,26,27,26,3,15,1,0,14,17,16,20,2,1,22,21,15,24,28,27,50,7,6,52,51,25,30,13,12,32,31,8,35,18,17,37,36,14,40,23,22,42,41,19,45,29,28,47,46,24,54,33,32,38,37,30,43,42,35,44,48,47,53,52,45,34,33,56,53,57,56,59,39,38,44,43,59,57,49,48],
  "normals" : [0.0,0.3696,0.9292,0.0,0.3696,0.9292,0.0,0.3696,0.9292,0.393,-0.2817,0.8753,0.393,-0.2817,0.8753,0.393,-0.2817,0.8753,-0.5849,0.099,0.805,-0.5849,0.099,0.805,-0.5849,0.099,0.805,0.5849,0.099,0.805,0.5849,0.099,0.805,0.5849,0.099,0.805,-0.9672,0.1636,0.1942,-0.9672,0.1636,0.1942,-0.9672,0.1636,0.1942,-0.7859,0.5632,-0.2553,-0.7859,0.5632,-0.2553,-0.7859,0.5632,-0.2553,0.0,0.9388,0.3444,0.0,0.9388,0.3444,0.0,0.9388,0.3444,-0.9672,-0.1636,-0.1942,-0.9672,-0.1636,-0.1942,-0.9672,-0.1636,-0.1942,0.0,-0.9388,-0.3444,0.0,-0.9388,-0.3444,0.0,-0.9388,-0.3444,0.9672,-0.1636,-0.1942,0.9672,-0.1636,-0.1942,0.9672,-0.1636,-0.1942,-0.7859,-0.5632,0.2553,-0.7859,-0.5632,0.2553,-0.7859,-0.5632,0.2553,0.7859,-0.5632,0.2553,0.7859,-0.5632,0.2553,0.7859,-0.5632,0.2553,0.9672,0.1636,0.1942,0.9672,0.1636,0.1942,0.9672,0.1636,0.1942,0.7859,0.5632,-0.2553,0.7859,0.5632,-0.2553,0.7859,0.5632,-0.2553,-0.393,0.2817,-0.8753,-0.393,0.2817,-0.8753,-0.393,0.2817,-0.8753,-0.5849,-0.099,-0.805,-0.5849,-0.099,-0.805,-0.5849,-0.099,-0.805,0.0,-0.3696,-0.9292,0.0,-0.3696,-0.9292,0.0,-0.3696,-0.9292,0.5849,-0.099,-0.805,0.5849,-0.099,-0.805,0.5849,-0.099,-0.805,0.393,0.2817,-0.8753,0.393,0.2817,-0.8753,0.393,0.2817,-0.8753,0.0,0.1177,0.9931,0.0,0.1177,0.9931,0.0,0.1177,0.9931,-0.6947,0.4619,0.5515,-0.6947,0.4619,0.5515,-0.6947,0.4619,0.5515,-0.8896,-0.064,0.4522,-0.8896,-0.064,0.4522,-0.8896,-0.064,0.4522,0.0,-0.8528,0.5223,0.0,-0.8528,0.5223,0.0,-0.8528,0.5223,0.8554,-0.2837,0.4333,0.8554,-0.2837,0.4333,0.8554,-0.2837,0.4333,0.6947,0.4619,0.5515,0.6947,0.4619,0.5515,0.6947,0.4619,0.5515,-0.8685,0.1103,-0.4832,-0.8685,0.1103,-0.4832,-0.8685,0.1103,-0.4832,-0.689,-0.4078,-0.5991,-0.689,-0.4078,-0.5991,-0.689,-0.4078,-0.5991,0.5501,-0.6547,-0.5185,0.5501,-0.6547,-0.5185,0.5501,-0.6547,-0.5185,0.8685,0.1103,-0.4832,0.8685,0.1103,-0.4832,0.8685,0.1103,-0.4832,0.0,0.7011,-0.713,0.0,0.7011,-0.713,0.0,0.7011,-0.713,0.0,0.0669,-0.9978,0.0,0.0669,-0.9978,0.0,0.0669,-0.9978,-0.5008,-0.0936,0.8605,-0.5008,-0.0936,0.8605,-0.5008,-0.0936,0.8605,-0.3096,0.248,0.918,-0.3096,0.248,0.918,-0.3096,0.248,0.918,-0.8324,0.1408,0.5359,-0.8324,0.1408,0.5359,-0.8324,0.1408,0.5359,0.0,0.7166,0.6975,0.0,0.7166,0.6975,0.0,0.7166,0.6975,0.3096,0.248,0.918,0.3096,0.248,0.918,0.3096,0.248,0.918,0.0,-0.3063,0.9519,0.0,-0.3063,0.9519,0.0,-0.3063,0.9519,-0.6411,-0.4594,0.6148,-0.6411,-0.4594,0.6148,-0.6411,-0.4594,0.6148,0.5008,-0.0936,0.8605,0.5008,-0.0936,0.8605,0.5008,-0.0936,0.8605,0.6411,-0.4594,0.6148,0.6411,-0.4594,0.6148,0.6411,-0.4594,0.6148,0.8324,0.1408,0.5359,0.8324,0.1408,0.5359,0.8324,0.1408,0.5359,-0.463,0.8848,0.0524,-0.463,0.8848,0.0524,-0.463,0.8848,0.0524,0.463,0.8848,0.0524,0.463,0.8848,0.0524,0.463,0.8848,0.0524,-1.0,0.0,0.0,-1.0,0.0,0.0,-1.0,0.0,0.0,-0.9233,0.3828,-0.0322,-0.9233,0.3828,-0.0322,-0.9233,0.3828,-0.0322,-0.463,-0.8848,-0.0524,-0.463,-0.8848,-0.0524,-0.463,-0.8848,-0.0524,-0.9233,-0.3828,0.0322,-0.9233,-0.3828,0.0322,-0.9233,-0.3828,0.0322,0.9233,-0.3828,0.0322,0.9233,-0.3828,0.0322,0.9233,-0.3828,0.0322,0.463,-0.8848,-0.0524,0.463,-0.8848,-0.0524,0.463,-0.8848,-0.0524,0.9233,0.3828,-0.0322,0.9233,0.3828,-0.0322,0.9233,0.3828,-0.0322,1.0,-0.0,0.0,1.0,-0.0,0.0,1.0,-0.0,0.0,-0.6411,0.4594,-0.6148,-0.6411,0.4594,-0.6148,-0.6411,0.4594,-0.6148,-0.8324,-0.1408,-0.5359,-0.8324,-0.1408,-0.5359,-0.8324,-0.1408,-0.5359,0.0,-0.7166,-0.6975,0.0,-0.7166,-0.6975,0.0,-0.7166,-0.6975,0.8324,-0.1408,-0.5359,0.8324,-0.1408,-0.5359,0.8324,-0.1408,-0.5359,0.6411,0.4594,-0.6148,0.6411,0.4594,-0.6148,0.6411,0.4594,-0.6148,-0.5008,0.0936,-0.8605,-0.5008,0.0936,-0.8605,-0.5008,0.0936,-0.8605,0.0,0.3063,-0.9519,0.0,0.3063,-0.9519,0.0,0.3063,-0.9519,-0.3096,-0.248,-0.918,-0.3096,-0.248,-0.918,-0.3096,-0.248,-0.918,0.3096,-0.248,-0.918,0.3096,-0.248,-0.918,0.3096,-0.248,-0.918,0.5008,0.0936,-0.8605,0.5008,0.0936,-0.8605,0.5008,0.0936,-0.8605,-0.393,-0.2817,0.8753,-0.393,-0.2817,0.8753,-0.393,-0.2817,0.8753,0.0,-0.0669,0.9978,0.0,-0.0669,0.9978,0.0,-0.0669,0.9978,0.0,-0.0669,0.9978,0.0,-0.0669,0.9978,0.0,-0.0669,0.9978,-0.689,0.4078,0.5991,-0.689,0.4078,0.5991,-0.689,0.4078,0.5991,-0.5501,0.6547,0.5185,-0.5501,0.6547,0.5185,-0.5501,0.6547,0.5185,-0.8554,-0.2837,0.4333,-0.8554,-0.2837,0.4333,-0.8554,-0.2837,0.4333,-0.8685,-0.1103,0.4832,-0.8685,-0.1103,0.4832,-0.8685,-0.1103,0.4832,0.0,-0.7011,0.713,0.0,-0.7011,0.713,0.0,-0.7011,0.713,0.0,-0.7011,0.713,0.0,-0.7011,0.713,0.0,-0.7011,0.713,0.8896,-0.064,0.4522,0.8896,-0.064,0.4522,0.8896,-0.064,0.4522,0.8685,-0.1103,0.4832,0.8685,-0.1103,0.4832,0.8685,-0.1103,0.4832,0.5501,0.6547,0.5185,0.5501,0.6547,0.5185,0.5501,0.6547,0.5185,0.689,0.4078,0.5991,0.689,0.4078,0.5991,0.689,0.4078,0.5991,-0.8896,0.064,-0.4522,-0.8896,0.064,-0.4522,-0.8896,0.064,-0.4522,-0.8554,0.2837,-0.4333,-0.8554,0.2837,-0.4333,-0.8554,0.2837,-0.4333,-0.5501,-0.6547,-0.5185,-0.5501,-0.6547,-0.5185,-0.5501,-0.6547,-0.5185,-0.6947,-0.4619,-0.5515,-0.6947,-0.4619,-0.5515,-0.6947,-0.4619,-0.5515,0.689,-0.4078,-0.5991,0.689,-0.4078,-0.5991,0.689,-0.4078,-0.5991,0.6947,-0.4619,-0.5515,0.6947,-0.4619,-0.5515,0.6947,-0.4619,-0.5515,0.8554,0.2837,-0.4333,0.8554,0.2837,-0.4333,0.8554,0.2837,-0.4333,0.8896,0.064,-0.4522,0.8896,0.064,-0.4522,0.8896,0.064,-0.4522,0.0,0.7011,-0.713,0.0,0.7011,-0.713,0.0,0.7011,-0.713,0.0,