{
  "alias" : "Gold2_Icosphere.001_None",
  "vertices" : [-0.235565,-0.025893,-0.01359,-0.235565,-0.025893,0.01359,-0.237711,0.006104,0.015882,-0.233528,0.041411,0.0,-0.237711,0.006104,-0.015882,-0.117266,0.333691,-0.110569,-0.097928,0.352513,-0.106394,-0.088612,0.3418,-0.127925,-0.097306,0.313015,-0.140163,-0.120571,0.300592,-0.127286,-0.118951,-0.137871,-0.19304,-0.120571,-0.106378,-0.196139,-0.097306,-0.093308,-0.208906,-0.09193,-0.131298,-0.208906,-0.097514,-0.163069,-0.195539,-0.11895,-0.388271,0.01359,-0.11895,-0.388271,-0.01359,-0.097514,-0.410071,-0.018525,-0.083085,-0.418908,0.0,-0.097514,-0.410071,0.018525,-0.120571,-0.106378,0.196139,-0.11895,-0.137871,0.19304,-0.097514,-0.163069,0.195539,-0.09193,-0.131298,0.208907,-0.097306,-0.093308,0.208907,-0.097928,0.352513,0.106394,-0.117266,0.333691,0.110569,-0.120571,0.300592,0.127286,-0.097306,0.313015,0.140163,-0.088612,0.3418,0.127925,0.097306,0.093308,-0.208907,0.09193,0.131298,-0.208907,0.097514,0.163069,-0.195539,0.11895,0.137871,-0.19304,0.120571,0.106378,-0.196139,0.097928,-0.352513,-0.106394,0.088612,-0.3418,-0.127925,0.097306,-0.313015,-0.140163,0.120571,-0.300592,-0.127286,0.117266,-0.333691,-0.110569,0.097306,-0.313015,0.140163,0.088612,-0.3418,0.127925,0.097928,-0.352513,0.106394,0.117266,-0.333691,0.110569,0.120571,-0.300592,0.127286,0.097514,0.163069,0.195539,0.09193,0.131298,0.208906,0.097306,0.093308,0.208906,0.120571,0.106378,0.196139,0.118951,0.137871,0.19304,0.097514,0.410071,-0.018525,0.083085,0.418908,-0.0,0.097514,0.410071,0.018525,0.11895,0.388271,0.01359,0.11895,0.388271,-0.01359,0.237711,-0.006104,-0.015882,0.235565,0.025893,-0.01359,0.235565,0.025893,0.01359,0.237711,-0.006104,0.015882,0.233528,-0.041411,-0.0],
  "indices" : [5,3,26,1,15,21,4,9,11,2,20,27,12,8,31,7,50,32,6,25,51,13,30,37,18,35,42,23,40,47,17,14,36,22,19,41,28,24,46,29,45,52,33,54,56,38,34,55,43,39,59,48,44,58,53,49,57,2,3,4,8,5,7,11,12,13,17,18,19,21,22,23,26,28,29,31,33,34,37,38,39,41,42,43,46,48,49,52,53,54,56,57,58,0,11,10,3,9,4,12,9,8,6,26,25,27,3,2,1,16,15,14,16,10,20,1,21,22,15,19,24,27,20,50,6,51,52,25,29,30,12,31,32,8,7,35,17,36,37,14,13,40,22,41,42,19,18,45,28,46,47,24,23,54,32,50,38,30,34,39,42,35,44,47,40,53,45,49,34,56,55,57,54,53,59,38,55,44,59,58,57,48,58,0,10,16,4,0,1,1,2,4,9,5,8,5,6,7,14,10,13,10,11,13,19,15,16,16,17,19,24,20,23,20,21,23,29,25,26,26,27,28,34,30,31,31,32,33,39,35,36,36,37,39,44,40,43,40,41,43,49,45,46,46,47,48,54,50,52,50,51,52,59,55,58,55,56,58,0,4,11,3,5,9,12,11,9,6,5,26,27,26,3,1,0,16,14,17,16,20,2,1,22,21,15,24,28,27,50,7,6,52,51,25,30,13,12,32,31,8,35,18,17,37,36,14,40,23,22,42,41,19,45,29,28,47,46,24,54,33,32,38,37,30,39,43,42,44,48,47,53,52,45,34,33,56,57,56,54,59,39,38,44,43,59,57,49,48],
  "normals" : [-0.9292,0.3696,0.0,-0.9292,0.3696,0.0,-0.9292,0.3696,0.0,-0.8753,-0.2817,0.393,-0.8753,-0.2817,0.393,-0.8753,-0.2817,0.393,-0.805,0.099,-0.5849,-0.805,0.099,-0.5849,-0.805,0.099,-0.5849,-0.805,0.099,0.5849,-0.805,0.099,0.5849,-0.805,0.099,0.5849,-0.1942,0.1636,-0.9672,-0.1942,0.1636,-0.9672,-0.1942,0.1636,-0.9672,0.2553,0.5632,-0.7859,0.2553,0.5632,-0.7859,0.2553,0.5632,-0.7859,-0.3444,0.9388,0.0,-0.3444,0.9388,0.0,-0.3444,0.9388,0.0,0.1942,-0.1636,-0.9672,0.1942,-0.1636,-0.9672,0.1942,-0.1636,-0.9672,0.3444,-0.9388,-0.0,0.3444,-0.9388,-0.0,0.3444,-0.9388,-0.0,0.1942,-0.1636,0.9672,0.1942,-0.1636,0.9672,0.1942,-0.1636,0.9672,-0.2553,-0.5632,-0.7859,-0.2553,-0.5632,-0.7859,-0.2553,-0.5632,-0.7859,-0.2553,-0.5632,0.7859,-0.2553,-0.5632,0.7859,-0.2553,-0.5632,0.7859,-0.1942,0.1636,0.9672,-0.1942,0.1636,0.9672,-0.1942,0.1636,0.9672,0.2553,0.5632,0.7859,0.2553,0.5632,0.7859,0.2553,0.5632,0.7859,0.8753,0.2817,-0.393,0.8753,0.2817,-0.393,0.8753,0.2817,-0.393,0.805,-0.099,-0.5849,0.805,-0.099,-0.5849,0.805,-0.099,-0.5849,0.9292,-0.3696,-0.0,0.9292,-0.3696,-0.0,0.9292,-0.3696,-0.0,0.805,-0.099,0.5849,0.805,-0.099,0.5849,0.805,-0.099,0.5849,0.8753,0.2817,0.393,0.8753,0.2817,0.393,0.8753,0.2817,0.393,-0.9931,0.1177,0.0,-0.9931,0.1177,0.0,-0.9931,0.1177,0.0,-0.5515,0.4619,-0.6947,-0.5515,0.4619,-0.6947,-0.5515,0.4619,-0.6947,-0.4522,-0.064,-0.8896,-0.4522,-0.064,-0.8896,-0.4522,-0.064,-0.8896,-0.5223,-0.8528,0.0,-0.5223,-0.8528,0.0,-0.5223,-0.8528,0.0,-0.4333,-0.2837,0.8554,-0.4333,-0.2837,0.8554,-0.4333,-0.2837,0.8554,-0.5515,0.4619,0.6947,-0.5515,0.4619,0.6947,-0.5515,0.4619,0.6947,0.4832,0.1103,-0.8685,0.4832,0.1103,-0.8685,0.4832,0.1103,-0.8685,0.5991,-0.4078,-0.689,0.5991,-0.4078,-0.689,0.5991,-0.4078,-0.689,0.5185,-0.6547,0.5501,0.5185,-0.6547,0.5501,0.5185,-0.6547,0.5501,0.4832,0.1103,0.8685,0.4832,0.1103,0.8685,0.4832,0.1103,0.8685,0.713,0.7011,0.0,0.713,0.7011,0.0,0.713,0.7011,0.0,0.9978,0.0669,0.0,0.9978,0.0669,0.0,0.9978,0.0669,0.0,-0.8605,-0.0936,-0.5008,-0.8605,-0.0936,-0.5008,-0.8605,-0.0936,-0.5008,-0.918,0.248,-0.3096,-0.918,0.248,-0.3096,-0.918,0.248,-0.3096,-0.5359,0.1408,-0.8324,-0.5359,0.1408,-0.8324,-0.5359,0.1408,-0.8324,-0.6975,0.7166,0.0,-0.6975,0.7166,0.0,-0.6975,0.7166,0.0,-0.918,0.248,0.3096,-0.918,0.248,0.3096,-0.918,0.248,0.3096,-0.9519,-0.3063,0.0,-0.9519,-0.3063,0.0,-0.9519,-0.3063,0.0,-0.6148,-0.4594,-0.6411,-0.6148,-0.4594,-0.6411,-0.6148,-0.4594,-0.6411,-0.8605,-0.0936,0.5008,-0.8605,-0.0936,0.5008,-0.8605,-0.0936,0.5008,-0.6148,-0.4594,0.6411,-0.6148,-0.4594,0.6411,-0.6148,-0.4594,0.6411,-0.5359,0.1408,0.8324,-0.5359,0.1408,0.8324,-0.5359,0.1408,0.8324,-0.0524,0.8848,-0.463,-0.0524,0.8848,-0.463,-0.0524,0.8848,-0.463,-0.0524,0.8848,0.463,-0.0524,0.8848,0.463,-0.0524,0.8848,0.463,0.0,-0.0,-1.0,0.0,-0.0,-1.0,0.0,-0.0,-1.0,0.0322,0.3828,-0.9233,0.0322,0.3828,-0.9233,0.0322,0.3828,-0.9233,0.0524,-0.8848,-0.463,0.0524,-0.8848,-0.463,0.0524,-0.8848,-0.463,-0.0322,-0.3828,-0.9233,-0.0322,-0.3828,-0.9233,-0.0322,-0.3828,-0.9233,-0.0322,-0.3828,0.9233,-0.0322,-0.3828,0.9233,-0.0322,-0.3828,0.9233,0.0524,-0.8848,0.4629,0.0524,-0.8848,0.4629,0.0524,-0.8848,0.4629,0.0322,0.3828,0.9233,0.0322,0.3828,0.9233,0.0322,0.3828,0.9233,0.0,0.0,1.0,0.0,0.0,1.0,0.0,0.0,1.0,0.6148,0.4594,-0.6411,0.6148,0.4594,-0.6411,0.6148,0.4594,-0.6411,0.5359,-0.1408,-0.8324,0.5359,-0.1408,-0.8324,0.5359,-0.1408,-0.8324,0.6975,-0.7166,-0.0,0.6975,-0.7166,-0.0,0.6975,-0.7166,-0.0,0.5359,-0.1408,0.8324,0.5359,-0.1408,0.8324,0.5359,-0.1408,0.8324,0.6148,0.4594,0.6411,0.6148,0.4594,0.6411,0.6148,0.4594,0.6411,0.8605,0.0936,-0.5008,0.8605,0.0936,-0.5008,0.8605,0.0936,-0.5008,0.9519,0.3063,-0.0,0.9519,0.3063,-0.0,0.9519,0.3063,-0.0,0.918,-0.248,-0.3096,0.918,-0.248,-0.3096,0.918,-0.248,-0.3096,0.918,-0.248,0.3096,0.918,-0.248,0.3096,0.918,-0.248,0.3096,0.8605,0.0936,0.5008,0.8605,0.0936,0.5008,0.8605,0.0936,0.5008,-0.8753,-0.2817,-0.393,-0.8753,-0.2817,-0.393,-0.8753,-0.2817,-0.393,-0.9978,-0.0669,0.0,-0.9978,-0.0669,0.0,-0.9978,-0.0669,0.0,-0.9978,-0.0669,0.0,-0.9978,-0.0669,0.0,-0.9978,-0.0669,0.0,-0.5991,0.4078,-0.689,-0.5991,0.4078,-0.689,-0.5991,0.4078,-0.689,-0.5185,0.6547,-0.5501,-0.5185,0.6547,-0.5501,-0.5185,0.6547,-0.5501,-0.4333,-0.2837,-0.8554,-0.4333,-0.2837,-0.8554,-0.4333,-0.2837,-0.8554,-0.4832,-0.1103,-0.8685,-0.4832,-0.1103,-0.8685,-0.4832,-0.1103,-0.8685,-0.713,-0.7011,-0.0,-0.713,-0.7011,-0.0,-0.713,-0.7011,-0.0,-0.713,-0.7011,-0.0,-0.713,-0.7011,-0.0,-0.713,-0.7011,-0.0,-0.4522,-0.064,0.8896,-0.4522,-0.064,0.8896,-0.4522,-0.064,0.8896,-0.4832,-0.1103,0.8685,-0.4832,-0.1103,0.8685,-0.4832,-0.1103,0.8685,-0.5185,0.6547,0.5501,-0.5185,0.6547,0.5501,-0.5185,0.6547,0.5501,-0.5991,0.4078,0.689,-0.5991,0.4078,0.689,-0.5991,0.4078,0.689,0.4522,0.064,-0.8896,0.4522,0.064,-0.8896,0.4522,0.064,-0.8896,0.4333,0.2837,-0.8554,0.4333,0.2837,-0.8554,0.4333,0.2837,-0.8554,0.5185,-0.6547,-0.5501,0.5185,-0.6547,-0.5501,0.5185,-0.6547,-0.5501,0.5515,-0.4619,-0.6947,0.5515,-0.4619,-0.6947,0.5515,-0.4619,-0.6947,0.5991,-0.4078,0.689,0.5991,-0.4078,0.689,0.5991,-0.4078,0.689,0.5515,-0.4619,0.6947,0.5515,-0.4619,0.6947,0.5515,-0.4619,0.6947,0.4333,0.2837,0.8554,0.4333,0.2837,0.8554,0.4333,0.2837,0.8554,0.4522,0.064,0.8896,0.4522,0.064,0.8896,0.4522,0.064,0.8896,0.713,0.7011,0.0,0.713,